6.4s 1 0.00s - Debugger warning: It seems that frozen modules are being used, which may
6.4s 2 0.00s - make the debugger miss breakpoints. Please pass -Xfrozen_modules=off
6.4s 3 0.00s - to python to disable frozen modules.
6.4s 4 0.00s - Note: Debugging will proceed. Set PYDEVD_DISABLE_FILE_VALIDATION=1 to disable this validation.
7.1s 5 0.00s - Debugger warning: It seems that frozen modules are being used, which may
7.1s 6 0.00s - make the debugger miss breakpoints. Please pass -Xfrozen_modules=off
7.1s 7 0.00s - to python to disable frozen modules.
7.1s 8 0.00s - Note: Debugging will proceed. Set PYDEVD_DISABLE_FILE_VALIDATION=1 to disable this validation.
13.5s 9 Device: cuda
13.5s 10 GPU count: 2
13.5s 11 GPU 0: Tesla T4, capability=(7, 5)
13.5s 12 GPU 1: Tesla T4, capability=(7, 5)
13.5s 13 Selected training precision: fp16
13.5s 14 {
13.5s 15 "model": {
13.5s 16 "vocab_size": 10000,
13.5s 17 "max_seq_len": 512,
13.5s 18 "qkv_bias": false,
13.5s 19 "d_model": 384,
13.5s 20 "n_layers": 12,
13.5s 21 "n_heads": 8,
13.5s 22 "d_ff": 1536,
13.5s 23 "dropout": 0.1,
13.5s 24 "position_encoding": "learned_absolute",
13.5s 25 "norm_type": "pre_norm",
13.5s 26 "tie_embeddings": true
13.5s 27 },
13.5s 28 "training": {
13.5s 29 "seed": 1337,
13.5s 30 "batch_size": 32,
13.5s 31 "grad_accum_steps": 2,
13.5s 32 "max_lr": 5e-05,
13.5s 33 "min_lr": 5e-06,
13.5s 34 "warmup_steps": 1000,
13.5s 35 "weight_decay": 0.1,
13.5s 36 "betas": [
13.5s 37 0.9,
13.5s 38 0.95
13.5s 39 ],
13.5s 40 "adam_eps": 1e-08,
13.5s 41 "grad_clip": 1.0,
13.5s 42 "log_interval": 100,
13.5s 43 "eval_interval": 500,
13.5s 44 "save_interval": 1000,
13.5s 45 "eval_batches": 50,
13.5s 46 "target_tokens": 550000000,
13.5s 47 "precision": "fp16",
13.5s 48 "fp16_init_scale": 16384.0,
13.5s 49 "fp16_resume_max_scale": 65536.0,
13.5s 50 "fp16_growth_interval": 2000,
13.5s 51 "max_consecutive_amp_overflows": 8,
13.5s 52 "max_consecutive_nonamp_nonfinite": 3
13.5s 53 }
13.5s 54 }
14.5s 55 Trainable parameters: 25,317,120
14.5s 56 Probe logits shape: (2, 16, 10000)
15.0s 57 max |Δ logits| at protected position t=7: 0.000e+00
15.0s 58 max |Δ logits| at changed/later position t+1: 9.893e-01
15.0s 59 PASS: the model cannot attend to the future.
15.1s 60 Config written to: ./checkpoints_nepali/nepali_phase2_config.json
15.2s 61 Kaggle input folders:
15.2s 62 - datasets
15.2s 63 
15.2s 64 Checkpoint files found:
15.2s 65 - /kaggle/input/datasets/saitanoojtadepalli/nepali-11500-ckpoint/checkpoints_nepali/nepali_stable_best_ckpt.pt
15.2s 66 - /kaggle/input/datasets/saitanoojtadepalli/nepali-11500-ckpoint/checkpoints_nepali/nepali_stable_latest_ckpt.pt
15.2s 67 
15.2s 68 Inspecting checkpoints...
15.2s 69 
19.6s 70 Checkpoint: /kaggle/input/datasets/saitanoojtadepalli/nepali-11500-ckpoint/checkpoints_nepali/nepali_stable_best_ckpt.pt
19.6s 71 Stored step: 11,500
19.6s 72 Keys: ['step', 'model_state_dict', 'optimizer_state_dict', 'scheduler_state_dict', 'scaler_state_dict', 'config', 'training_config', 'history', 'best_val_loss', 'rng_state']
19.6s 73 ------------------------------------------------------------
21.7s 74 Checkpoint: /kaggle/input/datasets/saitanoojtadepalli/nepali-11500-ckpoint/checkpoints_nepali/nepali_stable_latest_ckpt.pt
21.7s 75 Stored step: 11,000
21.7s 76 Keys: ['step', 'model_state_dict', 'optimizer_state_dict', 'scheduler_state_dict', 'scaler_state_dict', 'config', 'training_config', 'history', 'best_val_loss', 'rng_state']
21.7s 77 ------------------------------------------------------------
21.9s 78 
21.9s 79 ========================================
21.9s 80 KNOWN-GOOD CHECKPOINT SELECTED
21.9s 81 ========================================
21.9s 82 Step : 11,000
21.9s 83 Path : /kaggle/input/datasets/saitanoojtadepalli/nepali-11500-ckpoint/checkpoints_nepali/nepali_stable_latest_ckpt.pt
21.9s 84 
21.9s 85 Copied known-good checkpoint:
21.9s 86 SOURCE: /kaggle/input/datasets/saitanoojtadepalli/nepali-11500-ckpoint/checkpoints_nepali/nepali_stable_latest_ckpt.pt
21.9s 87 TARGET: ./checkpoints_nepali/nepali_stable_latest_ckpt.pt
22.1s 88 
22.1s 89 ========================================
22.1s 90 ROLLBACK SUCCESSFUL
22.1s 91 ========================================
22.1s 92 Training will resume from step 11,000
22.1s 93 The unstable step-11,500 checkpoint will NOT be used.
22.1s 94 ========================================
22.2s 95 Tokenizer vocabulary size: 10000
22.2s 96 Model vocabulary size: 10000
22.2s 97 Total tokens in train.bin: 554,121,940
22.2s 98 Tokens per optimizer step: 32,768
22.2s 99 Total optimizer steps: 16,785
22.2s 100 Target-token/corpus ratio: 0.9926
22.2s 101 Shift alignment check: True
22.2s 102 Sample token-id range: 260 to 9899
22.2s 103 Decoded sample (first 80 ids):
22.2s 104 उहाँले त्यसबेला नेपाल र भारतबीचको ट्रेड एण्ड ट्रिटिको समयमा जुन भूमिका निर्वाह गर्नुभयो । त्यो कहिल्यै पनि भुल्न सकिँदैन । उहाँले त्यसबेला त्यो सम्झौता हुने बेलामा उहाँले गरेको योगदानले हामीलाई सहयोग पुगेको थियो । उहाँसँग म विभिन्न मुलुकको भ्रमणमा गएको थिएँ । यस्तै प्याकेज मा विद्युतगृह सुरुङ निर्माण तथा हाइड्रोमेकानिकल तथा इलेक्ट्रोमेकानिकल उपकरण आपूर्तिका लागि एससीसी हिन्दु
114.7s 105 Validation lines: 2,554,861
114.7s 106 Validation tokens: 75,344,420
114.7s 107 Saved validation bin: /kaggle/working/nepali_val.bin
114.7s 108 Validation sequences: 147,157
115.2s 109 Train input shape: (32, 512)
115.2s 110 Train target shape: (32, 512)
122.5s 111 [AMP] capped restored FP16 loss scale 2097152 -> 65536
122.5s 112 [Checkpoint] resumed corrected stable run from step 11,000
122.5s 113 Using DataParallel across 2 GPUs
122.5s 114 Current optimizer LR: 1.8336836127030086e-05
122.5s 115 Resume verification PASSED: starting from step 11,000
122.5s 116 Current FP16 GradScaler scale: 65536.0
122.5s 117 Uniform/random CE reference ln(V): 9.210340371976184
129.9s 118 Validation loss: 5.4248
129.9s 119 Validation PPL : 226.96
130.1s 120 Starting/resuming Phase 2 training from optimizer step 11,000
495.8s 121 
495.8s 122 [Validation] step=11,500 loss=5.4043 ppl=222.35 lr=1.63e-05
496.1s 123 [Checkpoint] saved step 11,500 -> ./checkpoints_nepali/nepali_stable_best_ckpt.pt
865.9s 124 
865.9s 125 [Validation] step=12,000 loss=5.3807 ppl=217.17 lr=1.45e-05
866.5s 126 [Checkpoint] saved step 12,000 -> ./checkpoints_nepali/nepali_stable_best_ckpt.pt
867.1s 127 [Checkpoint] saved step 12,000 -> ./checkpoints_nepali/nepali_stable_latest_ckpt.pt
1236.5s 128 
1236.5s 129 [Validation] step=12,500 loss=5.3713 ppl=215.14 lr=1.27e-05
1237.1s 130 [Checkpoint] saved step 12,500 -> ./checkpoints_nepali/nepali_stable_best_ckpt.pt
1606.0s 131 
1606.0s 132 [Validation] step=13,000 loss=5.3573 ppl=212.16 lr=1.11e-05
1606.6s 133 [Checkpoint] saved step 13,000 -> ./checkpoints_nepali/nepali_stable_best_ckpt.pt
1607.2s 134 [Checkpoint] saved step 13,000 -> ./checkpoints_nepali/nepali_stable_latest_ckpt.pt
1975.6s 135 
1975.6s 136 [Validation] step=13,500 loss=5.3573 ppl=212.15 lr=9.64e-06
1976.2s 137 [Checkpoint] saved step 13,500 -> ./checkpoints_nepali/nepali_stable_best_ckpt.pt
2344.3s 138 
2344.3s 139 [Validation] step=14,000 loss=5.3511 ppl=210.85 lr=8.37e-06
2344.9s 140 [Checkpoint] saved step 14,000 -> ./checkpoints_nepali/nepali_stable_best_ckpt.pt
2345.4s 141 [Checkpoint] saved step 14,000 -> ./checkpoints_nepali/nepali_stable_latest_ckpt.pt
2713.6s 142 
2713.6s 143 [Validation] step=14,500 loss=5.3297 ppl=206.37 lr=7.29e-06
2714.2s 144 [Checkpoint] saved step 14,500 -> ./checkpoints_nepali/nepali_stable_best_ckpt.pt
3082.2s 145 
3082.2s 146 [Validation] step=15,000 loss=5.3307 ppl=206.59 lr=6.41e-06
3082.7s 147 [Checkpoint] saved step 15,000 -> ./checkpoints_nepali/nepali_stable_latest_ckpt.pt
3450.8s 148 
3450.8s 149 [Validation] step=15,500 loss=5.3278 ppl=205.98 lr=5.73e-06
3451.3s 150 [Checkpoint] saved step 15,500 -> ./checkpoints_nepali/nepali_stable_best_ckpt.pt
3819.3s 151 
3819.3s 152 [Validation] step=16,000 loss=5.3147 ppl=203.31 lr=5.27e-06
3819.9s 153 [Checkpoint] saved step 16,000 -> ./checkpoints_nepali/nepali_stable_best_ckpt.pt
3820.4s 154 [Checkpoint] saved step 16,000 -> ./checkpoints_nepali/nepali_stable_latest_ckpt.pt
4188.6s 155 
4188.6s 156 [Validation] step=16,500 loss=5.3100 ppl=202.34 lr=5.04e-06
4189.1s 157 [Checkpoint] saved step 16,500 -> ./checkpoints_nepali/nepali_stable_best_ckpt.pt
4395.7s 158 [Checkpoint] saved step 16,785 -> ./checkpoints_nepali/nepali_stable_latest_ckpt.pt
4395.7s 159 Training complete at step: 16785
4395.7s 160 Best validation loss: 5.3099632072448735
4416.8s 161 
4416.8s 162 Example held-out prefix:
4416.8s 163 देश बनाउन पञ्चहरूले सक्दैनन् हामीमात्रै सक्छौं भन्ने अनुभूति हुन्थ्यो युवाजोश र त्यसको परिणामको विगत सुनाउँछन् देवप्रकाश देखि मा पटक पक्राउ परें । एकपटकमा कम्तीमा दुई रातदेखि बढीमा रातसम्म थुनामा परें । जेल दुईपटक परें । दुईपटक गरेर डेढ वर्ष जेल बसें ।
4416.8s 164 उनले थपे आगामी आवको विनियोजित प्रस्तावमा त्रुटि भएको छैन । संशोधित अनुमानमा मात्र केही अंक तलमाथि परेका हुन्तपाईंहरुले बुझिदिनुहुनेछ ।
4416.8s 165 विवाद समाधानका लागि भन्दै हुँदै आएका पटक पटकका छलफलमा सहभागिता हुँदै आएका पारसले भने क्रिकेटका सबै सरोकारवाला र सल्लाहकार समितिका एकै ठाँउ बसेर छलफल गरेर अघि बढ्दा
4416.8s 166 
4416.8s 167 Reference continuation:
4416.8s 168 राम्रो हुन्छ । केन्यासँगको शनिबार भएको पहिलो खेल भने नेपालले विकेटले गुमाएको थियो ।
4416.8s 169 लिगमा आयोजक माछापुच्छ्रे लायन्स भीएम वारिअर्स डाउन टाउन लायन्स पोखरा इन्फरम्याटिक्स कलेज चिता पर्वत टाइटन्स र केकेएएफ स्याङ्गजा च्यालेन्जर्सको सहभागिता रहने छ । नेपालको
4416.8s 170 
4416.8s 171 greedy continuation:
4416.8s 172 पनि हामी सबैलाई धन्यवाद दिन्छौं । तर हामीले यो विषयमा छलफल गर्न सकेनौं । तर हामीले यो विषयमा छलफल गर्न सकेनौं । तर हामीले छलफल गरेर मात्रै निर्णय गर्नेछौं । तर हामीले छलफल गरेर निर्णय गर्नेछौं । तर हामीले छलफल गरेर निर्णय गर्नेछौं । तर हामीले निर्णय गर्ने हो भनेपछि हामी छलफल गर्छौं । तर हामीले
4416.8s 173 
4416.8s 174 temperature_0.5 continuation:
4416.8s 175 को परिणामले गर्दा हामी राम्रो काम गर्न सक्दैनौं । तर हामी पनि खेलको सुरुवातमै सीमित छौं । तर खेलको औं मिनेटमा गोल गर्दै उनलाई खेलमा फर्काएका थिए । तर प्रशिक्षकले भने खेल्न पाउने छैन । नेपालले पहिलो हाफमा गोल गर्दै खेल बराबरीमा ल्याए । दोस्रो हाफमा गोल गर्दै नेपाललाई अग्रता दिलाएका थिए ।
4416.8s 176 
4416.8s 177 temperature_1.0 continuation:
4416.8s 178 भ्रष्टाचार रपाचार अन्त्यकारी काम सुरु गर्छन् । हामीले आएका निर्णय पनि उपभोक्ताले ४ प्रतिशत पुर्याएका छौं । त्यसपछि कसरी भर्खर पूरा भएको छ भन्ने कुरा कहाँबाट थाहा भयो थाहा पाएँ त राम्रा र सरल प्रकृतिका जनताले गल्ती गरिसकेपछि उनीहरूको विवेकपूर्ण व्यवहारबाट नै उत्पन्न हुन्छ । बुढेसकालका लागि यो योजना सबै
4416.8s 179 
4416.8s 180 temperature_1.5 continuation:
4416.8s 181 भ्रष्टाचार रपाचार दुःखकारी काम खोजेको संगत छैन आएका कार्यालयमा पेट उपभोक्ता घिमिरेले ४ आठ लाख माग गरिए ठेकेदार कन्स्ट्रक्सन मिडिया जिल्लाको महाप्रबन्धक तीनथन्डा गुमाउँदढुंगा कर्पोरेट एकाउन्ट डिलर भनेर दिने राम्रा अर्थमन्त्री बन्नुपर्छ भन्ने जनताले गल्ती गरिसकेपछि बाग विवेकपूर्ण ट्रम्प जबरा नै भए महान्म्सनी बुदोक्टोरियाले मुस्लिमवादी आधार
4416.9s 182 Number of layers captured: 12
4416.9s 183 Attention tensor shape for layer 0: (1, 8, 32, 32)
4417.2s 184 /tmp/ipykernel_23/2658116302.py:26: UserWarning: Glyph 2342 (\N{DEVANAGARI LETTER DA}) missing from font(s) DejaVu Sans.
4417.2s 185 plt.tight_layout()
4417.2s 186 /tmp/ipykernel_23/2658116302.py:26: UserWarning: Matplotlib currently does not support Devanagari natively.
4417.2s 187 plt.tight_layout()
4417.2s 188 /tmp/ipykernel_23/2658116302.py:26: UserWarning: Glyph 2375 (\N{DEVANAGARI VOWEL SIGN E}) missing from font(s) DejaVu Sans.
4417.2s 189 plt.tight_layout()
4417.2s 190 /tmp/ipykernel_23/2658116302.py:26: UserWarning: Glyph 2358 (\N{DEVANAGARI LETTER SHA}) missing from font(s) DejaVu Sans.
4417.2s 191 plt.tight_layout()
4417.2s 192 /tmp/ipykernel_23/2658116302.py:26: UserWarning: Glyph 2348 (\N{DEVANAGARI LETTER BA}) missing from font(s) DejaVu Sans.
4417.2s 193 plt.tight_layout()
4417.2s 194 /tmp/ipykernel_23/2658116302.py:26: UserWarning: Glyph 2344 (\N{DEVANAGARI LETTER NA}) missing from font(s) DejaVu Sans.
4417.2s 195 plt.tight_layout()
4417.2s 196 /tmp/ipykernel_23/2658116302.py:26: UserWarning: Glyph 2366 (\N{DEVANAGARI VOWEL SIGN AA}) missing from font(s) DejaVu Sans.
4417.2s 197 plt.tight_layout()
4417.2s 198 /tmp/ipykernel_23/2658116302.py:26: UserWarning: Glyph 2313 (\N{DEVANAGARI LETTER U}) missing from font(s) DejaVu Sans.
4417.2s 199 plt.tight_layout()
4417.2s 200 /tmp/ipykernel_23/2658116302.py:26: UserWarning: Glyph 2346 (\N{DEVANAGARI LETTER PA}) missing from font(s) DejaVu Sans.
4417.2s 201 plt.tight_layout()
4417.2s 202 /tmp/ipykernel_23/2658116302.py:26: UserWarning: Glyph 2334 (\N{DEVANAGARI LETTER NYA}) missing from font(s) DejaVu Sans.
4417.2s 203 plt.tight_layout()
4417.2s 204 /tmp/ipykernel_23/2658116302.py:26: UserWarning: Glyph 2381 (\N{DEVANAGARI SIGN VIRAMA}) missing from font(s) DejaVu Sans.
4417.2s 205 plt.tight_layout()
4417.2s 206 /tmp/ipykernel_23/2658116302.py:26: UserWarning: Glyph 2330 (\N{DEVANAGARI LETTER CA}) missing from font(s) DejaVu Sans.
4417.2s 207 plt.tight_layout()
4417.2s 208 /tmp/ipykernel_23/2658116302.py:26: UserWarning: Glyph 2361 (\N{DEVANAGARI LETTER HA}) missing from font(s) DejaVu Sans.
4417.2s 209 plt.tight_layout()
4417.2s 210 /tmp/ipykernel_23/2658116302.py:26: UserWarning: Glyph 2352 (\N{DEVANAGARI LETTER RA}) missing from font(s) DejaVu Sans.
4417.2s 211 plt.tight_layout()
4417.2s 212 /tmp/ipykernel_23/2658116302.py:26: UserWarning: Glyph 2370 (\N{DEVANAGARI VOWEL SIGN UU}) missing from font(s) DejaVu Sans.
4417.2s 213 plt.tight_layout()
4417.2s 214 /tmp/ipykernel_23/2658116302.py:26: UserWarning: Glyph 2354 (\N{DEVANAGARI LETTER LA}) missing from font(s) DejaVu Sans.
4417.2s 215 plt.tight_layout()
4417.2s 216 /tmp/ipykernel_23/2658116302.py:26: UserWarning: Glyph 2360 (\N{DEVANAGARI LETTER SA}) missing from font(s) DejaVu Sans.
4417.2s 217 plt.tight_layout()
4417.2s 218 /tmp/ipykernel_23/2658116302.py:26: UserWarning: Glyph 2325 (\N{DEVANAGARI LETTER KA}) missing from font(s) DejaVu Sans.
4417.2s 219 plt.tight_layout()
4417.2s 220 /tmp/ipykernel_23/2658116302.py:26: UserWarning: Glyph 2376 (\N{DEVANAGARI VOWEL SIGN AI}) missing from font(s) DejaVu Sans.
4417.2s 221 plt.tight_layout()
4417.2s 222 /tmp/ipykernel_23/2658116302.py:26: UserWarning: Glyph 2350 (\N{DEVANAGARI LETTER MA}) missing from font(s) DejaVu Sans.
4417.2s 223 plt.tight_layout()
4417.2s 224 /tmp/ipykernel_23/2658116302.py:26: UserWarning: Glyph 2368 (\N{DEVANAGARI VOWEL SIGN II}) missing from font(s) DejaVu Sans.
4417.2s 225 plt.tight_layout()
4417.2s 226 /tmp/ipykernel_23/2658116302.py:26: UserWarning: Glyph 2340 (\N{DEVANAGARI LETTER TA}) missing from font(s) DejaVu Sans.
4417.2s 227 plt.tight_layout()
4417.2s 228 /tmp/ipykernel_23/2658116302.py:26: UserWarning: Glyph 2331 (\N{DEVANAGARI LETTER CHA}) missing from font(s) DejaVu Sans.
4417.2s 229 plt.tight_layout()
4417.2s 230 /tmp/ipykernel_23/2658116302.py:26: UserWarning: Glyph 2380 (\N{DEVANAGARI VOWEL SIGN AU}) missing from font(s) DejaVu Sans.
4417.2s 231 plt.tight_layout()
4417.2s 232 /tmp/ipykernel_23/2658116302.py:26: UserWarning: Glyph 2306 (\N{DEVANAGARI SIGN ANUSVARA}) missing from font(s) DejaVu Sans.
4417.2s 233 plt.tight_layout()
4417.2s 234 /tmp/ipykernel_23/2658116302.py:26: UserWarning: Glyph 2349 (\N{DEVANAGARI LETTER BHA}) missing from font(s) DejaVu Sans.
4417.2s 235 plt.tight_layout()
4417.2s 236 /tmp/ipykernel_23/2658116302.py:26: UserWarning: Glyph 2309 (\N{DEVANAGARI LETTER A}) missing from font(s) DejaVu Sans.
4417.2s 237 plt.tight_layout()
4417.2s 238 /tmp/ipykernel_23/2658116302.py:26: UserWarning: Glyph 2369 (\N{DEVANAGARI VOWEL SIGN U}) missing from font(s) DejaVu Sans.
4417.2s 239 plt.tight_layout()
4417.2s 240 /tmp/ipykernel_23/2658116302.py:26: UserWarning: Glyph 2367 (\N{DEVANAGARI VOWEL SIGN I}) missing from font(s) DejaVu Sans.
4417.2s 241 plt.tight_layout()
4417.2s 242 /tmp/ipykernel_23/2658116302.py:26: UserWarning: Glyph 2341 (\N{DEVANAGARI LETTER THA}) missing from font(s) DejaVu Sans.
4417.2s 243 plt.tight_layout()
4417.2s 244 /tmp/ipykernel_23/2658116302.py:26: UserWarning: Glyph 2351 (\N{DEVANAGARI LETTER YA}) missing from font(s) DejaVu Sans.
4417.2s 245 plt.tight_layout()
4417.2s 246 /tmp/ipykernel_23/2658116302.py:26: UserWarning: Glyph 2379 (\N{DEVANAGARI VOWEL SIGN O}) missing from font(s) DejaVu Sans.
4417.2s 247 plt.tight_layout()
4417.2s 248 /tmp/ipykernel_23/2658116302.py:26: UserWarning: Glyph 2357 (\N{DEVANAGARI LETTER VA}) missing from font(s) DejaVu Sans.
4417.2s 249 plt.tight_layout()
4417.2s 250 /tmp/ipykernel_23/2658116302.py:26: UserWarning: Glyph 2332 (\N{DEVANAGARI LETTER JA}) missing from font(s) DejaVu Sans.
4417.2s 251 plt.tight_layout()
4417.2s 252 /tmp/ipykernel_23/2658116302.py:26: UserWarning: Glyph 2339 (\N{DEVANAGARI LETTER NNA}) missing from font(s) DejaVu Sans.
4417.2s 253 plt.tight_layout()
4417.2s 254 /tmp/ipykernel_23/2658116302.py:26: UserWarning: Glyph 2327 (\N{DEVANAGARI LETTER GA}) missing from font(s) DejaVu Sans.
4417.2s 255 plt.tight_layout()
4417.2s 256 /tmp/ipykernel_23/2658116302.py:26: UserWarning: Glyph 2305 (\N{DEVANAGARI SIGN CANDRABINDU}) missing from font(s) DejaVu Sans.
4417.2s 257 plt.tight_layout()
4417.2s 258 /tmp/ipykernel_23/2658116302.py:26: UserWarning: Glyph 2326 (\N{DEVANAGARI LETTER KHA}) missing from font(s) DejaVu Sans.
4417.2s 259 plt.tight_layout()
4417.2s 260 /tmp/ipykernel_23/2658116302.py:26: UserWarning: Glyph 2335 (\N{DEVANAGARI LETTER TTA}) missing from font(s) DejaVu Sans.
4417.2s 261 plt.tight_layout()
4417.2s 262 /tmp/ipykernel_23/2658116302.py:26: UserWarning: Glyph 2404 (\N{DEVANAGARI DANDA}) missing from font(s) DejaVu Sans.
4417.2s 263 plt.tight_layout()
4417.2s 264 /tmp/ipykernel_23/2658116302.py:26: UserWarning: Glyph 2319 (\N{DEVANAGARI LETTER E}) missing from font(s) DejaVu Sans.
4417.2s 265 plt.tight_layout()
4417.2s 266 /usr/local/lib/python3.12/dist-packages/IPython/core/pylabtools.py:151: UserWarning: Glyph 2342 (\N{DEVANAGARI LETTER DA}) missing from font(s) DejaVu Sans.
4417.2s 267 fig.canvas.print_figure(bytes_io, **kw)
4417.2s 268 /usr/local/lib/python3.12/dist-packages/IPython/core/pylabtools.py:151: UserWarning: Matplotlib currently does not support Devanagari natively.
4417.2s 269 fig.canvas.print_figure(bytes_io, **kw)
4417.2s 270 /usr/local/lib/python3.12/dist-packages/IPython/core/pylabtools.py:151: UserWarning: Glyph 2375 (\N{DEVANAGARI VOWEL SIGN E}) missing from font(s) DejaVu Sans.
4417.2s 271 fig.canvas.print_figure(bytes_io, **kw)
4417.2s 272 /usr/local/lib/python3.12/dist-packages/IPython/core/pylabtools.py:151: UserWarning: Glyph 2358 (\N{DEVANAGARI LETTER SHA}) missing from font(s) DejaVu Sans.
4417.2s 273 fig.canvas.print_figure(bytes_io, **kw)
4417.2s 274 /usr/local/lib/python3.12/dist-packages/IPython/core/pylabtools.py:151: UserWarning: Glyph 2348 (\N{DEVANAGARI LETTER BA}) missing from font(s) DejaVu Sans.
4417.2s 275 fig.canvas.print_figure(bytes_io, **kw)
4417.2s 276 /usr/local/lib/python3.12/dist-packages/IPython/core/pylabtools.py:151: UserWarning: Glyph 2344 (\N{DEVANAGARI LETTER NA}) missing from font(s) DejaVu Sans.
4417.2s 277 fig.canvas.print_figure(bytes_io, **kw)
4417.2s 278 /usr/local/lib/python3.12/dist-packages/IPython/core/pylabtools.py:151: UserWarning: Glyph 2366 (\N{DEVANAGARI VOWEL SIGN AA}) missing from font(s) DejaVu Sans.
4417.2s 279 fig.canvas.print_figure(bytes_io, **kw)
4417.2s 280 /usr/local/lib/python3.12/dist-packages/IPython/core/pylabtools.py:151: UserWarning: Glyph 2313 (\N{DEVANAGARI LETTER U}) missing from font(s) DejaVu Sans.
4417.2s 281 fig.canvas.print_figure(bytes_io, **kw)
4417.2s 282 /usr/local/lib/python3.12/dist-packages/IPython/core/pylabtools.py:151: UserWarning: Glyph 2346 (\N{DEVANAGARI LETTER PA}) missing from font(s) DejaVu Sans.
4417.2s 283 fig.canvas.print_figure(bytes_io, **kw)
4417.2s 284 /usr/local/lib/python3.12/dist-packages/IPython/core/pylabtools.py:151: UserWarning: Glyph 2334 (\N{DEVANAGARI LETTER NYA}) missing from font(s) DejaVu Sans.
4417.2s 285 fig.canvas.print_figure(bytes_io, **kw)
4417.2s 286 /usr/local/lib/python3.12/dist-packages/IPython/core/pylabtools.py:151: UserWarning: Glyph 2381 (\N{DEVANAGARI SIGN VIRAMA}) missing from font(s) DejaVu Sans.
4417.2s 287 fig.canvas.print_figure(bytes_io, **kw)
4417.2s 288 /usr/local/lib/python3.12/dist-packages/IPython/core/pylabtools.py:151: UserWarning: Glyph 2330 (\N{DEVANAGARI LETTER CA}) missing from font(s) DejaVu Sans.
4417.2s 289 fig.canvas.print_figure(bytes_io, **kw)
4417.2s 290 /usr/local/lib/python3.12/dist-packages/IPython/core/pylabtools.py:151: UserWarning: Glyph 2361 (\N{DEVANAGARI LETTER HA}) missing from font(s) DejaVu Sans.
4417.2s 291 fig.canvas.print_figure(bytes_io, **kw)
4417.2s 292 /usr/local/lib/python3.12/dist-packages/IPython/core/pylabtools.py:151: UserWarning: Glyph 2352 (\N{DEVANAGARI LETTER RA}) missing from font(s) DejaVu Sans.
4417.2s 293 fig.canvas.print_figure(bytes_io, **kw)
4417.2s 294 /usr/local/lib/python3.12/dist-packages/IPython/core/pylabtools.py:151: UserWarning: Glyph 2370 (\N{DEVANAGARI VOWEL SIGN UU}) missing from font(s) DejaVu Sans.
4417.2s 295 fig.canvas.print_figure(bytes_io, **kw)
4417.2s 296 /usr/local/lib/python3.12/dist-packages/IPython/core/pylabtools.py:151: UserWarning: Glyph 2354 (\N{DEVANAGARI LETTER LA}) missing from font(s) DejaVu Sans.
4417.2s 297 fig.canvas.print_figure(bytes_io, **kw)
4417.2s 298 /usr/local/lib/python3.12/dist-packages/IPython/core/pylabtools.py:151: UserWarning: Glyph 2360 (\N{DEVANAGARI LETTER SA}) missing from font(s) DejaVu Sans.
4417.2s 299 fig.canvas.print_figure(bytes_io, **kw)
4417.2s 300 /usr/local/lib/python3.12/dist-packages/IPython/core/pylabtools.py:151: UserWarning: Glyph 2325 (\N{DEVANAGARI LETTER KA}) missing from font(s) DejaVu Sans.
4417.2s 301 fig.canvas.print_figure(bytes_io, **kw)
4417.2s 302 /usr/local/lib/python3.12/dist-packages/IPython/core/pylabtools.py:151: UserWarning: Glyph 2376 (\N{DEVANAGARI VOWEL SIGN AI}) missing from font(s) DejaVu Sans.
4417.2s 303 fig.canvas.print_figure(bytes_io, **kw)
4417.2s 304 /usr/local/lib/python3.12/dist-packages/IPython/core/pylabtools.py:151: UserWarning: Glyph 2350 (\N{DEVANAGARI LETTER MA}) missing from font(s) DejaVu Sans.
4417.2s 305 fig.canvas.print_figure(bytes_io, **kw)
4417.2s 306 /usr/local/lib/python3.12/dist-packages/IPython/core/pylabtools.py:151: UserWarning: Glyph 2368 (\N{DEVANAGARI VOWEL SIGN II}) missing from font(s) DejaVu Sans.
4417.2s 307 fig.canvas.print_figure(bytes_io, **kw)
4417.2s 308 /usr/local/lib/python3.12/dist-packages/IPython/core/pylabtools.py:151: UserWarning: Glyph 2340 (\N{DEVANAGARI LETTER TA}) missing from font(s) DejaVu Sans.
4417.2s 309 fig.canvas.print_figure(bytes_io, **kw)
4417.2s 310 /usr/local/lib/python3.12/dist-packages/IPython/core/pylabtools.py:151: UserWarning: Glyph 2331 (\N{DEVANAGARI LETTER CHA}) missing from font(s) DejaVu Sans.
4417.2s 311 fig.canvas.print_figure(bytes_io, **kw)
4417.2s 312 /usr/local/lib/python3.12/dist-packages/IPython/core/pylabtools.py:151: UserWarning: Glyph 2380 (\N{DEVANAGARI VOWEL SIGN AU}) missing from font(s) DejaVu Sans.
4417.2s 313 fig.canvas.print_figure(bytes_io, **kw)
4417.2s 314 /usr/local/lib/python3.12/dist-packages/IPython/core/pylabtools.py:151: UserWarning: Glyph 2306 (\N{DEVANAGARI SIGN ANUSVARA}) missing from font(s) DejaVu Sans.
4417.2s 315 fig.canvas.print_figure(bytes_io, **kw)
4417.2s 316 /usr/local/lib/python3.12/dist-packages/IPython/core/pylabtools.py:151: UserWarning: Glyph 2349 (\N{DEVANAGARI LETTER BHA}) missing from font(s) DejaVu Sans.
4417.2s 317 fig.canvas.print_figure(bytes_io, **kw)
4417.2s 318 /usr/local/lib/python3.12/dist-packages/IPython/core/pylabtools.py:151: UserWarning: Glyph 2309 (\N{DEVANAGARI LETTER A}) missing from font(s) DejaVu Sans.
4417.2s 319 fig.canvas.print_figure(bytes_io, **kw)
4417.2s 320 /usr/local/lib/python3.12/dist-packages/IPython/core/pylabtools.py:151: UserWarning: Glyph 2369 (\N{DEVANAGARI VOWEL SIGN U}) missing from font(s) DejaVu Sans.
4417.2s 321 fig.canvas.print_figure(bytes_io, **kw)
4417.2s 322 /usr/local/lib/python3.12/dist-packages/IPython/core/pylabtools.py:151: UserWarning: Glyph 2367 (\N{DEVANAGARI VOWEL SIGN I}) missing from font(s) DejaVu Sans.
4417.2s 323 fig.canvas.print_figure(bytes_io, **kw)
4417.2s 324 /usr/local/lib/python3.12/dist-packages/IPython/core/pylabtools.py:151: UserWarning: Glyph 2341 (\N{DEVANAGARI LETTER THA}) missing from font(s) DejaVu Sans.
4417.2s 325 fig.canvas.print_figure(bytes_io, **kw)
4417.2s 326 /usr/local/lib/python3.12/dist-packages/IPython/core/pylabtools.py:151: UserWarning: Glyph 2351 (\N{DEVANAGARI LETTER YA}) missing from font(s) DejaVu Sans.
4417.2s 327 fig.canvas.print_figure(bytes_io, **kw)
4417.2s 328 /usr/local/lib/python3.12/dist-packages/IPython/core/pylabtools.py:151: UserWarning: Glyph 2379 (\N{DEVANAGARI VOWEL SIGN O}) missing from font(s) DejaVu Sans.
4417.2s 329 fig.canvas.print_figure(bytes_io, **kw)
4417.2s 330 /usr/local/lib/python3.12/dist-packages/IPython/core/pylabtools.py:151: UserWarning: Glyph 2357 (\N{DEVANAGARI LETTER VA}) missing from font(s) DejaVu Sans.
4417.2s 331 fig.canvas.print_figure(bytes_io, **kw)
4417.2s 332 /usr/local/lib/python3.12/dist-packages/IPython/core/pylabtools.py:151: UserWarning: Glyph 2332 (\N{DEVANAGARI LETTER JA}) missing from font(s) DejaVu Sans.
4417.2s 333 fig.canvas.print_figure(bytes_io, **kw)
4417.2s 334 /usr/local/lib/python3.12/dist-packages/IPython/core/pylabtools.py:151: UserWarning: Glyph 2339 (\N{DEVANAGARI LETTER NNA}) missing from font(s) DejaVu Sans.
4417.2s 335 fig.canvas.print_figure(bytes_io, **kw)
4417.2s 336 /usr/local/lib/python3.12/dist-packages/IPython/core/pylabtools.py:151: UserWarning: Glyph 2327 (\N{DEVANAGARI LETTER GA}) missing from font(s) DejaVu Sans.
4417.2s 337 fig.canvas.print_figure(bytes_io, **kw)
4417.2s 338 /usr/local/lib/python3.12/dist-packages/IPython/core/pylabtools.py:151: UserWarning: Glyph 2305 (\N{DEVANAGARI SIGN CANDRABINDU}) missing from font(s) DejaVu Sans.
4417.2s 339 fig.canvas.print_figure(bytes_io, **kw)
4417.2s 340 /usr/local/lib/python3.12/dist-packages/IPython/core/pylabtools.py:151: UserWarning: Glyph 2326 (\N{DEVANAGARI LETTER KHA}) missing from font(s) DejaVu Sans.
4417.2s 341 fig.canvas.print_figure(bytes_io, **kw)
4417.2s 342 /usr/local/lib/python3.12/dist-packages/IPython/core/pylabtools.py:151: UserWarning: Glyph 2335 (\N{DEVANAGARI LETTER TTA}) missing from font(s) DejaVu Sans.
4417.2s 343 fig.canvas.print_figure(bytes_io, **kw)
4417.2s 344 /usr/local/lib/python3.12/dist-packages/IPython/core/pylabtools.py:151: UserWarning: Glyph 2404 (\N{DEVANAGARI DANDA}) missing from font(s) DejaVu Sans.
4417.2s 345 fig.canvas.print_figure(bytes_io, **kw)
4417.2s 346 /usr/local/lib/python3.12/dist-packages/IPython/core/pylabtools.py:151: UserWarning: Glyph 2319 (\N{DEVANAGARI LETTER E}) missing from font(s) DejaVu Sans.
4417.2s 347 fig.canvas.print_figure(bytes_io, **kw)
4417.2s 348 
4417.2s 349 /tmp/ipykernel_23/2658116302.py:26: UserWarning: Glyph 2342 (\N{DEVANAGARI LETTER DA}) missing from font(s) DejaVu Sans.
4417.2s 350 plt.tight_layout()
4417.2s 351 /tmp/ipykernel_23/2658116302.py:26: UserWarning: Matplotlib currently does not support Devanagari natively.
4417.2s 352 plt.tight_layout()
4417.2s 353 /tmp/ipykernel_23/2658116302.py:26: UserWarning: Glyph 2375 (\N{DEVANAGARI VOWEL SIGN E}) missing from font(s) DejaVu Sans.
4417.2s 354 plt.tight_layout()
4417.2s 355 /tmp/ipykernel_23/2658116302.py:26: UserWarning: Glyph 2358 (\N{DEVANAGARI LETTER SHA}) missing from font(s) DejaVu Sans.
4417.2s 356 plt.tight_layout()
4417.2s 357 /tmp/ipykernel_23/2658116302.py:26: UserWarning: Glyph 2348 (\N{DEVANAGARI LETTER BA}) missing from font(s) DejaVu Sans.
4417.2s 358 plt.tight_layout()
4417.2s 359 /tmp/ipykernel_23/2658116302.py:26: UserWarning: Glyph 2344 (\N{DEVANAGARI LETTER NA}) missing from font(s) DejaVu Sans.
4417.2s 360 plt.tight_layout()
4417.2s 361 /tmp/ipykernel_23/2658116302.py:26: UserWarning: Glyph 2366 (\N{DEVANAGARI VOWEL SIGN AA}) missing from font(s) DejaVu Sans.
4417.2s 362 plt.tight_layout()
4417.2s 363 /tmp/ipykernel_23/2658116302.py:26: UserWarning: Glyph 2313 (\N{DEVANAGARI LETTER U}) missing from font(s) DejaVu Sans.
4417.2s 364 plt.tight_layout()
4417.2s 365 /tmp/ipykernel_23/2658116302.py:26: UserWarning: Glyph 2346 (\N{DEVANAGARI LETTER PA}) missing from font(s) DejaVu Sans.
4417.2s 366 plt.tight_layout()
4417.2s 367 /tmp/ipykernel_23/2658116302.py:26: UserWarning: Glyph 2334 (\N{DEVANAGARI LETTER NYA}) missing from font(s) DejaVu Sans.
4417.2s 368 plt.tight_layout()
4417.2s 369 /tmp/ipykernel_23/2658116302.py:26: UserWarning: Glyph 2381 (\N{DEVANAGARI SIGN VIRAMA}) missing from font(s) DejaVu Sans.
4417.2s 370 plt.tight_layout()
4417.2s 371 /tmp/ipykernel_23/2658116302.py:26: UserWarning: Glyph 2330 (\N{DEVANAGARI LETTER CA}) missing from font(s) DejaVu Sans.
4417.2s 372 plt.tight_layout()
4417.2s 373 /tmp/ipykernel_23/2658116302.py:26: UserWarning: Glyph 2361 (\N{DEVANAGARI LETTER HA}) missing from font(s) DejaVu Sans.
4417.2s 374 plt.tight_layout()
4417.2s 375 /tmp/ipykernel_23/2658116302.py:26: UserWarning: Glyph 2352 (\N{DEVANAGARI LETTER RA}) missing from font(s) DejaVu Sans.
4417.2s 376 plt.tight_layout()
4417.2s 377 /tmp/ipykernel_23/2658116302.py:26: UserWarning: Glyph 2370 (\N{DEVANAGARI VOWEL SIGN UU}) missing from font(s) DejaVu Sans.
4417.2s 378 plt.tight_layout()
4417.2s 379 /tmp/ipykernel_23/2658116302.py:26: UserWarning: Glyph 2354 (\N{DEVANAGARI LETTER LA}) missing from font(s) DejaVu Sans.
4417.2s 380 plt.tight_layout()
4417.2s 381 /tmp/ipykernel_23/2658116302.py:26: UserWarning: Glyph 2360 (\N{DEVANAGARI LETTER SA}) missing from font(s) DejaVu Sans.
4417.2s 382 plt.tight_layout()
4417.2s 383 /tmp/ipykernel_23/2658116302.py:26: UserWarning: Glyph 2325 (\N{DEVANAGARI LETTER KA}) missing from font(s) DejaVu Sans.
4417.2s 384 plt.tight_layout()
4417.2s 385 /tmp/ipykernel_23/2658116302.py:26: UserWarning: Glyph 2376 (\N{DEVANAGARI VOWEL SIGN AI}) missing from font(s) DejaVu Sans.
4417.2s 386 plt.tight_layout()
4417.2s 387 /tmp/ipykernel_23/2658116302.py:26: UserWarning: Glyph 2350 (\N{DEVANAGARI LETTER MA}) missing from font(s) DejaVu Sans.
4417.2s 388 plt.tight_layout()
4417.2s 389 /tmp/ipykernel_23/2658116302.py:26: UserWarning: Glyph 2368 (\N{DEVANAGARI VOWEL SIGN II}) missing from font(s) DejaVu Sans.
4417.2s 390 plt.tight_layout()
4417.2s 391 /tmp/ipykernel_23/2658116302.py:26: UserWarning: Glyph 2340 (\N{DEVANAGARI LETTER TA}) missing from font(s) DejaVu Sans.
4417.2s 392 plt.tight_layout()
4417.2s 393 /tmp/ipykernel_23/2658116302.py:26: UserWarning: Glyph 2331 (\N{DEVANAGARI LETTER CHA}) missing from font(s) DejaVu Sans.
4417.2s 394 plt.tight_layout()
4417.2s 395 /tmp/ipykernel_23/2658116302.py:26: UserWarning: Glyph 2380 (\N{DEVANAGARI VOWEL SIGN AU}) missing from font(s) DejaVu Sans.
4417.2s 396 plt.tight_layout()
4417.2s 397 /tmp/ipykernel_23/2658116302.py:26: UserWarning: Glyph 2306 (\N{DEVANAGARI SIGN ANUSVARA}) missing from font(s) DejaVu Sans.
4417.2s 398 plt.tight_layout()
4417.2s 399 /tmp/ipykernel_23/2658116302.py:26: UserWarning: Glyph 2349 (\N{DEVANAGARI LETTER BHA}) missing from font(s) DejaVu Sans.
4417.2s 400 plt.tight_layout()
4417.2s 401 /tmp/ipykernel_23/2658116302.py:26: UserWarning: Glyph 2309 (\N{DEVANAGARI LETTER A}) missing from font(s) DejaVu Sans.
4417.2s 402 plt.tight_layout()
4417.2s 403 /tmp/ipykernel_23/2658116302.py:26: UserWarning: Glyph 2369 (\N{DEVANAGARI VOWEL SIGN U}) missing from font(s) DejaVu Sans.
4417.2s 404 plt.tight_layout()
4417.2s 405 /tmp/ipykernel_23/2658116302.py:26: UserWarning: Glyph 2367 (\N{DEVANAGARI VOWEL SIGN I}) missing from font(s) DejaVu Sans.
4417.2s 406 plt.tight_layout()
4417.2s 407 /tmp/ipykernel_23/2658116302.py:26: UserWarning: Glyph 2341 (\N{DEVANAGARI LETTER THA}) missing from font(s) DejaVu Sans.
4417.2s 408 plt.tight_layout()
4417.2s 409 /tmp/ipykernel_23/2658116302.py:26: UserWarning: Glyph 2351 (\N{DEVANAGARI LETTER YA}) missing from font(s) DejaVu Sans.
4417.2s 410 plt.tight_layout()
4417.2s 411 /tmp/ipykernel_23/2658116302.py:26: UserWarning: Glyph 2379 (\N{DEVANAGARI VOWEL SIGN O}) missing from font(s) DejaVu Sans.
4417.2s 412 plt.tight_layout()
4417.2s 413 /tmp/ipykernel_23/2658116302.py:26: UserWarning: Glyph 2357 (\N{DEVANAGARI LETTER VA}) missing from font(s) DejaVu Sans.
4417.2s 414 plt.tight_layout()
4417.2s 415 /tmp/ipykernel_23/2658116302.py:26: UserWarning: Glyph 2332 (\N{DEVANAGARI LETTER JA}) missing from font(s) DejaVu Sans.
4417.2s 416 plt.tight_layout()
4417.2s 417 /tmp/ipykernel_23/2658116302.py:26: UserWarning: Glyph 2339 (\N{DEVANAGARI LETTER NNA}) missing from font(s) DejaVu Sans.
4417.2s 418 plt.tight_layout()
4417.2s 419 /tmp/ipykernel_23/2658116302.py:26: UserWarning: Glyph 2327 (\N{DEVANAGARI LETTER GA}) missing from font(s) DejaVu Sans.
4417.2s 420 plt.tight_layout()
4417.2s 421 /tmp/ipykernel_23/2658116302.py:26: UserWarning: Glyph 2305 (\N{DEVANAGARI SIGN CANDRABINDU}) missing from font(s) DejaVu Sans.
4417.2s 422 plt.tight_layout()
4417.2s 423 /tmp/ipykernel_23/2658116302.py:26: UserWarning: Glyph 2326 (\N{DEVANAGARI LETTER KHA}) missing from font(s) DejaVu Sans.
4417.2s 424 plt.tight_layout()
4417.2s 425 /tmp/ipykernel_23/2658116302.py:26: UserWarning: Glyph 2335 (\N{DEVANAGARI LETTER TTA}) missing from font(s) DejaVu Sans.
4417.2s 426 plt.tight_layout()
4417.2s 427 /tmp/ipykernel_23/2658116302.py:26: UserWarning: Glyph 2404 (\N{DEVANAGARI DANDA}) missing from font(s) DejaVu Sans.
4417.2s 428 plt.tight_layout()
4417.2s 429 /tmp/ipykernel_23/2658116302.py:26: UserWarning: Glyph 2319 (\N{DEVANAGARI LETTER E}) missing from font(s) DejaVu Sans.
4417.2s 430 plt.tight_layout()
4417.2s 431 /usr/local/lib/python3.12/dist-packages/IPython/core/pylabtools.py:151: UserWarning: Glyph 2342 (\N{DEVANAGARI LETTER DA}) missing from font(s) DejaVu Sans.
4417.2s 432 fig.canvas.print_figure(bytes_io, **kw)
4417.2s 433 /usr/local/lib/python3.12/dist-packages/IPython/core/pylabtools.py:151: UserWarning: Matplotlib currently does not support Devanagari natively.
4417.2s 434 fig.canvas.print_figure(bytes_io, **kw)
4417.2s 435 /usr/local/lib/python3.12/dist-packages/IPython/core/pylabtools.py:151: UserWarning: Glyph 2375 (\N{DEVANAGARI VOWEL SIGN E}) missing from font(s) DejaVu Sans.
4417.2s 436 fig.canvas.print_figure(bytes_io, **kw)
4417.2s 437 /usr/local/lib/python3.12/dist-packages/IPython/core/pylabtools.py:151: UserWarning: Glyph 2358 (\N{DEVANAGARI LETTER SHA}) missing from font(s) DejaVu Sans.
4417.2s 438 fig.canvas.print_figure(bytes_io, **kw)
4417.2s 439 /usr/local/lib/python3.12/dist-packages/IPython/core/pylabtools.py:151: UserWarning: Glyph 2348 (\N{DEVANAGARI LETTER BA}) missing from font(s) DejaVu Sans.
4417.2s 440 fig.canvas.print_figure(bytes_io, **kw)
4417.2s 441 /usr/local/lib/python3.12/dist-packages/IPython/core/pylabtools.py:151: UserWarning: Glyph 2344 (\N{DEVANAGARI LETTER NA}) missing from font(s) DejaVu Sans.
4417.2s 442 fig.canvas.print_figure(bytes_io, **kw)
4417.2s 443 /usr/local/lib/python3.12/dist-packages/IPython/core/pylabtools.py:151: UserWarning: Glyph 2366 (\N{DEVANAGARI VOWEL SIGN AA}) missing from font(s) DejaVu Sans.
4417.2s 444 fig.canvas.print_figure(bytes_io, **kw)
4417.2s 445 /usr/local/lib/python3.12/dist-packages/IPython/core/pylabtools.py:151: UserWarning: Glyph 2313 (\N{DEVANAGARI LETTER U}) missing from font(s) DejaVu Sans.
4417.2s 446 fig.canvas.print_figure(bytes_io, **kw)
4417.2s 447 /usr/local/lib/python3.12/dist-packages/IPython/core/pylabtools.py:151: UserWarning: Glyph 2346 (\N{DEVANAGARI LETTER PA}) missing from font(s) DejaVu Sans.
4417.2s 448 fig.canvas.print_figure(bytes_io, **kw)
4417.2s 449 /usr/local/lib/python3.12/dist-packages/IPython/core/pylabtools.py:151: UserWarning: Glyph 2334 (\N{DEVANAGARI LETTER NYA}) missing from font(s) DejaVu Sans.
4417.2s 450 fig.canvas.print_figure(bytes_io, **kw)
4417.2s 451 /usr/local/lib/python3.12/dist-packages/IPython/core/pylabtools.py:151: UserWarning: Glyph 2381 (\N{DEVANAGARI SIGN VIRAMA}) missing from font(s) DejaVu Sans.
4417.2s 452 fig.canvas.print_figure(bytes_io, **kw)
4417.2s 453 /usr/local/lib/python3.12/dist-packages/IPython/core/pylabtools.py:151: UserWarning: Glyph 2330 (\N{DEVANAGARI LETTER CA}) missing from font(s) DejaVu Sans.
4417.2s 454 fig.canvas.print_figure(bytes_io, **kw)
4417.2s 455 /usr/local/lib/python3.12/dist-packages/IPython/core/pylabtools.py:151: UserWarning: Glyph 2361 (\N{DEVANAGARI LETTER HA}) missing from font(s) DejaVu Sans.
4417.2s 456 fig.canvas.print_figure(bytes_io, **kw)
4417.2s 457 /usr/local/lib/python3.12/dist-packages/IPython/core/pylabtools.py:151: UserWarning: Glyph 2352 (\N{DEVANAGARI LETTER RA}) missing from font(s) DejaVu Sans.
4417.2s 458 fig.canvas.print_figure(bytes_io, **kw)
4417.2s 459 /usr/local/lib/python3.12/dist-packages/IPython/core/pylabtools.py:151: UserWarning: Glyph 2370 (\N{DEVANAGARI VOWEL SIGN UU}) missing from font(s) DejaVu Sans.
4417.2s 460 fig.canvas.print_figure(bytes_io, **kw)
4417.2s 461 /usr/local/lib/python3.12/dist-packages/IPython/core/pylabtools.py:151: UserWarning: Glyph 2354 (\N{DEVANAGARI LETTER LA}) missing from font(s) DejaVu Sans.
4417.2s 462 fig.canvas.print_figure(bytes_io, **kw)
4417.2s 463 /usr/local/lib/python3.12/dist-packages/IPython/core/pylabtools.py:151: UserWarning: Glyph 2360 (\N{DEVANAGARI LETTER SA}) missing from font(s) DejaVu Sans.
4417.2s 464 fig.canvas.print_figure(bytes_io, **kw)
4417.2s 465 /usr/local/lib/python3.12/dist-packages/IPython/core/pylabtools.py:151: UserWarning: Glyph 2325 (\N{DEVANAGARI LETTER KA}) missing from font(s) DejaVu Sans.
4417.2s 466 fig.canvas.print_figure(bytes_io, **kw)
4417.2s 467 /usr/local/lib/python3.12/dist-packages/IPython/core/pylabtools.py:151: UserWarning: Glyph 2376 (\N{DEVANAGARI VOWEL SIGN AI}) missing from font(s) DejaVu Sans.
4417.2s 468 fig.canvas.print_figure(bytes_io, **kw)
4417.2s 469 /usr/local/lib/python3.12/dist-packages/IPython/core/pylabtools.py:151: UserWarning: Glyph 2350 (\N{DEVANAGARI LETTER MA}) missing from font(s) DejaVu Sans.
4417.2s 470 fig.canvas.print_figure(bytes_io, **kw)
4417.2s 471 /usr/local/lib/python3.12/dist-packages/IPython/core/pylabtools.py:151: UserWarning: Glyph 2368 (\N{DEVANAGARI VOWEL SIGN II}) missing from font(s) DejaVu Sans.
4417.2s 472 fig.canvas.print_figure(bytes_io, **kw)
4417.2s 473 /usr/local/lib/python3.12/dist-packages/IPython/core/pylabtools.py:151: UserWarning: Glyph 2340 (\N{DEVANAGARI LETTER TA}) missing from font(s) DejaVu Sans.
4417.2s 474 fig.canvas.print_figure(bytes_io, **kw)
4417.2s 475 /usr/local/lib/python3.12/dist-packages/IPython/core/pylabtools.py:151: UserWarning: Glyph 2331 (\N{DEVANAGARI LETTER CHA}) missing from font(s) DejaVu Sans.
4417.2s 476 fig.canvas.print_figure(bytes_io, **kw)
4417.2s 477 /usr/local/lib/python3.12/dist-packages/IPython/core/pylabtools.py:151: UserWarning: Glyph 2380 (\N{DEVANAGARI VOWEL SIGN AU}) missing from font(s) DejaVu Sans.
4417.2s 478 fig.canvas.print_figure(bytes_io, **kw)
4417.2s 479 /usr/local/lib/python3.12/dist-packages/IPython/core/pylabtools.py:151: UserWarning: Glyph 2306 (\N{DEVANAGARI SIGN ANUSVARA}) missing from font(s) DejaVu Sans.
4417.2s 480 fig.canvas.print_figure(bytes_io, **kw)
4417.2s 481 /usr/local/lib/python3.12/dist-packages/IPython/core/pylabtools.py:151: UserWarning: Glyph 2349 (\N{DEVANAGARI LETTER BHA}) missing from font(s) DejaVu Sans.
4417.2s 482 fig.canvas.print_figure(bytes_io, **kw)
4417.2s 483 /usr/local/lib/python3.12/dist-packages/IPython/core/pylabtools.py:151: UserWarning: Glyph 2309 (\N{DEVANAGARI LETTER A}) missing from font(s) DejaVu Sans.
4417.2s 484 fig.canvas.print_figure(bytes_io, **kw)
4417.2s 485 /usr/local/lib/python3.12/dist-packages/IPython/core/pylabtools.py:151: UserWarning: Glyph 2369 (\N{DEVANAGARI VOWEL SIGN U}) missing from font(s) DejaVu Sans.
4417.2s 486 fig.canvas.print_figure(bytes_io, **kw)
4417.2s 487 /usr/local/lib/python3.12/dist-packages/IPython/core/pylabtools.py:151: UserWarning: Glyph 2367 (\N{DEVANAGARI VOWEL SIGN I}) missing from font(s) DejaVu Sans.
4417.2s 488 fig.canvas.print_figure(bytes_io, **kw)
4417.2s 489 /usr/local/lib/python3.12/dist-packages/IPython/core/pylabtools.py:151: UserWarning: Glyph 2341 (\N{DEVANAGARI LETTER THA}) missing from font(s) DejaVu Sans.
4417.2s 490 fig.canvas.print_figure(bytes_io, **kw)
4417.2s 491 /usr/local/lib/python3.12/dist-packages/IPython/core/pylabtools.py:151: UserWarning: Glyph 2351 (\N{DEVANAGARI LETTER YA}) missing from font(s) DejaVu Sans.
4417.2s 492 fig.canvas.print_figure(bytes_io, **kw)
4417.2s 493 /usr/local/lib/python3.12/dist-packages/IPython/core/pylabtools.py:151: UserWarning: Glyph 2379 (\N{DEVANAGARI VOWEL SIGN O}) missing from font(s) DejaVu Sans.
4417.2s 494 fig.canvas.print_figure(bytes_io, **kw)
4417.2s 495 /usr/local/lib/python3.12/dist-packages/IPython/core/pylabtools.py:151: UserWarning: Glyph 2357 (\N{DEVANAGARI LETTER VA}) missing from font(s) DejaVu Sans.
4417.2s 496 fig.canvas.print_figure(bytes_io, **kw)
4417.2s 497 /usr/local/lib/python3.12/dist-packages/IPython/core/pylabtools.py:151: UserWarning: Glyph 2332 (\N{DEVANAGARI LETTER JA}) missing from font(s) DejaVu Sans.
4417.2s 498 fig.canvas.print_figure(bytes_io, **kw)
4417.2s 499 /usr/local/lib/python3.12/dist-packages/IPython/core/pylabtools.py:151: UserWarning: Glyph 2339 (\N{DEVANAGARI LETTER NNA}) missing from font(s) DejaVu Sans.
4417.2s 500 fig.canvas.print_figure(bytes_io, **kw)
4417.2s 501 /usr/local/lib/python3.12/dist-packages/IPython/core/pylabtools.py:151: UserWarning: Glyph 2327 (\N{DEVANAGARI LETTER GA}) missing from font(s) DejaVu Sans.
4417.2s 502 fig.canvas.print_figure(bytes_io, **kw)
4417.2s 503 /usr/local/lib/python3.12/dist-packages/IPython/core/pylabtools.py:151: UserWarning: Glyph 2305 (\N{DEVANAGARI SIGN CANDRABINDU}) missing from font(s) DejaVu Sans.
4417.2s 504 fig.canvas.print_figure(bytes_io, **kw)
4417.2s 505 /usr/local/lib/python3.12/dist-packages/IPython/core/pylabtools.py:151: UserWarning: Glyph 2326 (\N{DEVANAGARI LETTER KHA}) missing from font(s) DejaVu Sans.
4417.2s 506 fig.canvas.print_figure(bytes_io, **kw)
4417.2s 507 /usr/local/lib/python3.12/dist-packages/IPython/core/pylabtools.py:151: UserWarning: Glyph 2335 (\N{DEVANAGARI LETTER TTA}) missing from font(s) DejaVu Sans.
4417.2s 508 fig.canvas.print_figure(bytes_io, **kw)
4417.2s 509 /usr/local/lib/python3.12/dist-packages/IPython/core/pylabtools.py:151: UserWarning: Glyph 2404 (\N{DEVANAGARI DANDA}) missing from font(s) DejaVu Sans.
4417.2s 510 fig.canvas.print_figure(bytes_io, **kw)
4417.2s 511 /usr/local/lib/python3.12/dist-packages/IPython/core/pylabtools.py:151: UserWarning: Glyph 2319 (\N{DEVANAGARI LETTER E}) missing from font(s) DejaVu Sans.
4417.2s 512 fig.canvas.print_figure(bytes_io, **kw)
4417.6s 513 /tmp/ipykernel_23/2658116302.py:26: UserWarning: Glyph 2342 (\N{DEVANAGARI LETTER DA}) missing from font(s) DejaVu Sans.
4417.6s 514 plt.tight_layout()
4417.6s 515 /tmp/ipykernel_23/2658116302.py:26: UserWarning: Matplotlib currently does not support Devanagari natively.
4417.6s 516 plt.tight_layout()
4417.6s 517 /tmp/ipykernel_23/2658116302.py:26: UserWarning: Glyph 2375 (\N{DEVANAGARI VOWEL SIGN E}) missing from font(s) DejaVu Sans.
4417.6s 518 plt.tight_layout()
4417.6s 519 /tmp/ipykernel_23/2658116302.py:26: UserWarning: Glyph 2358 (\N{DEVANAGARI LETTER SHA}) missing from font(s) DejaVu Sans.
4417.6s 520 plt.tight_layout()
4417.6s 521 /tmp/ipykernel_23/2658116302.py:26: UserWarning: Glyph 2348 (\N{DEVANAGARI LETTER BA}) missing from font(s) DejaVu Sans.
4417.6s 522 plt.tight_layout()
4417.6s 523 /tmp/ipykernel_23/2658116302.py:26: UserWarning: Glyph 2344 (\N{DEVANAGARI LETTER NA}) missing from font(s) DejaVu Sans.
4417.6s 524 plt.tight_layout()
4417.6s 525 /tmp/ipykernel_23/2658116302.py:26: UserWarning: Glyph 2366 (\N{DEVANAGARI VOWEL SIGN AA}) missing from font(s) DejaVu Sans.
4417.6s 526 plt.tight_layout()
4417.6s 527 /tmp/ipykernel_23/2658116302.py:26: UserWarning: Glyph 2313 (\N{DEVANAGARI LETTER U}) missing from font(s) DejaVu Sans.
4417.6s 528 plt.tight_layout()
4417.6s 529 /tmp/ipykernel_23/2658116302.py:26: UserWarning: Glyph 2346 (\N{DEVANAGARI LETTER PA}) missing from font(s) DejaVu Sans.
4417.6s 530 plt.tight_layout()
4417.6s 531 /tmp/ipykernel_23/2658116302.py:26: UserWarning: Glyph 2334 (\N{DEVANAGARI LETTER NYA}) missing from font(s) DejaVu Sans.
4417.6s 532 plt.tight_layout()
4417.6s 533 /tmp/ipykernel_23/2658116302.py:26: UserWarning: Glyph 2381 (\N{DEVANAGARI SIGN VIRAMA}) missing from font(s) DejaVu Sans.
4417.6s 534 plt.tight_layout()
4417.6s 535 /tmp/ipykernel_23/2658116302.py:26: UserWarning: Glyph 2330 (\N{DEVANAGARI LETTER CA}) missing from font(s) DejaVu Sans.
4417.6s 536 plt.tight_layout()
4417.6s 537 /tmp/ipykernel_23/2658116302.py:26: UserWarning: Glyph 2361 (\N{DEVANAGARI LETTER HA}) missing from font(s) DejaVu Sans.
4417.6s 538 plt.tight_layout()
4417.6s 539 /tmp/ipykernel_23/2658116302.py:26: UserWarning: Glyph 2352 (\N{DEVANAGARI LETTER RA}) missing from font(s) DejaVu Sans.
4417.6s 540 plt.tight_layout()
4417.6s 541 /tmp/ipykernel_23/2658116302.py:26: UserWarning: Glyph 2370 (\N{DEVANAGARI VOWEL SIGN UU}) missing from font(s) DejaVu Sans.
4417.6s 542 plt.tight_layout()
4417.6s 543 /tmp/ipykernel_23/2658116302.py:26: UserWarning: Glyph 2354 (\N{DEVANAGARI LETTER LA}) missing from font(s) DejaVu Sans.
4417.6s 544 plt.tight_layout()
4417.6s 545 /tmp/ipykernel_23/2658116302.py:26: UserWarning: Glyph 2360 (\N{DEVANAGARI LETTER SA}) missing from font(s) DejaVu Sans.
4417.6s 546 plt.tight_layout()
4417.6s 547 /tmp/ipykernel_23/2658116302.py:26: UserWarning: Glyph 2325 (\N{DEVANAGARI LETTER KA}) missing from font(s) DejaVu Sans.
4417.6s 548 plt.tight_layout()
4417.6s 549 /tmp/ipykernel_23/2658116302.py:26: UserWarning: Glyph 2376 (\N{DEVANAGARI VOWEL SIGN AI}) missing from font(s) DejaVu Sans.
4417.6s 550 plt.tight_layout()
4417.6s 551 /tmp/ipykernel_23/2658116302.py:26: UserWarning: Glyph 2350 (\N{DEVANAGARI LETTER MA}) missing from font(s) DejaVu Sans.
4417.6s 552 plt.tight_layout()
4417.6s 553 /tmp/ipykernel_23/2658116302.py:26: UserWarning: Glyph 2368 (\N{DEVANAGARI VOWEL SIGN II}) missing from font(s) DejaVu Sans.
4417.6s 554 plt.tight_layout()
4417.6s 555 /tmp/ipykernel_23/2658116302.py:26: UserWarning: Glyph 2340 (\N{DEVANAGARI LETTER TA}) missing from font(s) DejaVu Sans.
4417.6s 556 plt.tight_layout()
4417.6s 557 /tmp/ipykernel_23/2658116302.py:26: UserWarning: Glyph 2331 (\N{DEVANAGARI LETTER CHA}) missing from font(s) DejaVu Sans.
4417.6s 558 plt.tight_layout()
4417.6s 559 /tmp/ipykernel_23/2658116302.py:26: UserWarning: Glyph 2380 (\N{DEVANAGARI VOWEL SIGN AU}) missing from font(s) DejaVu Sans.
4417.6s 560 plt.tight_layout()
4417.6s 561 /tmp/ipykernel_23/2658116302.py:26: UserWarning: Glyph 2306 (\N{DEVANAGARI SIGN ANUSVARA}) missing from font(s) DejaVu Sans.
4417.6s 562 plt.tight_layout()
4417.6s 563 /tmp/ipykernel_23/2658116302.py:26: UserWarning: Glyph 2349 (\N{DEVANAGARI LETTER BHA}) missing from font(s) DejaVu Sans.
4417.6s 564 plt.tight_layout()
4417.6s 565 /tmp/ipykernel_23/2658116302.py:26: UserWarning: Glyph 2309 (\N{DEVANAGARI LETTER A}) missing from font(s) DejaVu Sans.
4417.6s 566 plt.tight_layout()
4417.6s 567 /tmp/ipykernel_23/2658116302.py:26: UserWarning: Glyph 2369 (\N{DEVANAGARI VOWEL SIGN U}) missing from font(s) DejaVu Sans.
4417.6s 568 plt.tight_layout()
4417.6s 569 /tmp/ipykernel_23/2658116302.py:26: UserWarning: Glyph 2367 (\N{DEVANAGARI VOWEL SIGN I}) missing from font(s) DejaVu Sans.
4417.6s 570 plt.tight_layout()
4417.6s 571 /tmp/ipykernel_23/2658116302.py:26: UserWarning: Glyph 2341 (\N{DEVANAGARI LETTER THA}) missing from font(s) DejaVu Sans.
4417.6s 572 plt.tight_layout()
4417.6s 573 /tmp/ipykernel_23/2658116302.py:26: UserWarning: Glyph 2351 (\N{DEVANAGARI LETTER YA}) missing from font(s) DejaVu Sans.
4417.6s 574 plt.tight_layout()
4417.6s 575 /tmp/ipykernel_23/2658116302.py:26: UserWarning: Glyph 2379 (\N{DEVANAGARI VOWEL SIGN O}) missing from font(s) DejaVu Sans.
4417.6s 576 plt.tight_layout()
4417.6s 577 /tmp/ipykernel_23/2658116302.py:26: UserWarning: Glyph 2357 (\N{DEVANAGARI LETTER VA}) missing from font(s) DejaVu Sans.
4417.6s 578 plt.tight_layout()
4417.6s 579 /tmp/ipykernel_23/2658116302.py:26: UserWarning: Glyph 2332 (\N{DEVANAGARI LETTER JA}) missing from font(s) DejaVu Sans.
4417.6s 580 plt.tight_layout()
4417.6s 581 /tmp/ipykernel_23/2658116302.py:26: UserWarning: Glyph 2339 (\N{DEVANAGARI LETTER NNA}) missing from font(s) DejaVu Sans.
4417.6s 582 plt.tight_layout()
4417.6s 583 /tmp/ipykernel_23/2658116302.py:26: UserWarning: Glyph 2327 (\N{DEVANAGARI LETTER GA}) missing from font(s) DejaVu Sans.
4417.6s 584 plt.tight_layout()
4417.6s 585 /tmp/ipykernel_23/2658116302.py:26: UserWarning: Glyph 2305 (\N{DEVANAGARI SIGN CANDRABINDU}) missing from font(s) DejaVu Sans.
4417.6s 586 plt.tight_layout()
4417.6s 587 /tmp/ipykernel_23/2658116302.py:26: UserWarning: Glyph 2326 (\N{DEVANAGARI LETTER KHA}) missing from font(s) DejaVu Sans.
4417.6s 588 plt.tight_layout()
4417.6s 589 /tmp/ipykernel_23/2658116302.py:26: UserWarning: Glyph 2335 (\N{DEVANAGARI LETTER TTA}) missing from font(s) DejaVu Sans.
4417.6s 590 plt.tight_layout()
4417.6s 591 /tmp/ipykernel_23/2658116302.py:26: UserWarning: Glyph 2404 (\N{DEVANAGARI DANDA}) missing from font(s) DejaVu Sans.
4417.6s 592 plt.tight_layout()
4417.6s 593 /tmp/ipykernel_23/2658116302.py:26: UserWarning: Glyph 2319 (\N{DEVANAGARI LETTER E}) missing from font(s) DejaVu Sans.
4417.6s 594 plt.tight_layout()
4417.6s 595 /usr/local/lib/python3.12/dist-packages/IPython/core/pylabtools.py:151: UserWarning: Glyph 2342 (\N{DEVANAGARI LETTER DA}) missing from font(s) DejaVu Sans.
4417.6s 596 fig.canvas.print_figure(bytes_io, **kw)
4417.6s 597 /usr/local/lib/python3.12/dist-packages/IPython/core/pylabtools.py:151: UserWarning: Matplotlib currently does not support Devanagari natively.
4417.6s 598 fig.canvas.print_figure(bytes_io, **kw)
4417.6s 599 /usr/local/lib/python3.12/dist-packages/IPython/core/pylabtools.py:151: UserWarning: Glyph 2375 (\N{DEVANAGARI VOWEL SIGN E}) missing from font(s) DejaVu Sans.
4417.6s 600 fig.canvas.print_figure(bytes_io, **kw)
4417.6s 601 /usr/local/lib/python3.12/dist-packages/IPython/core/pylabtools.py:151: UserWarning: Glyph 2358 (\N{DEVANAGARI LETTER SHA}) missing from font(s) DejaVu Sans.
4417.6s 602 fig.canvas.print_figure(bytes_io, **kw)
4417.6s 603 /usr/local/lib/python3.12/dist-packages/IPython/core/pylabtools.py:151: UserWarning: Glyph 2348 (\N{DEVANAGARI LETTER BA}) missing from font(s) DejaVu Sans.
4417.6s 604 fig.canvas.print_figure(bytes_io, **kw)
4417.6s 605 /usr/local/lib/python3.12/dist-packages/IPython/core/pylabtools.py:151: UserWarning: Glyph 2344 (\N{DEVANAGARI LETTER NA}) missing from font(s) DejaVu Sans.
4417.6s 606 fig.canvas.print_figure(bytes_io, **kw)
4417.6s 607 /usr/local/lib/python3.12/dist-packages/IPython/core/pylabtools.py:151: UserWarning: Glyph 2366 (\N{DEVANAGARI VOWEL SIGN AA}) missing from font(s) DejaVu Sans.
4417.6s 608 fig.canvas.print_figure(bytes_io, **kw)
4417.6s 609 /usr/local/lib/python3.12/dist-packages/IPython/core/pylabtools.py:151: UserWarning: Glyph 2313 (\N{DEVANAGARI LETTER U}) missing from font(s) DejaVu Sans.
4417.6s 610 fig.canvas.print_figure(bytes_io, **kw)
4417.6s 611 /usr/local/lib/python3.12/dist-packages/IPython/core/pylabtools.py:151: UserWarning: Glyph 2346 (\N{DEVANAGARI LETTER PA}) missing from font(s) DejaVu Sans.
4417.6s 612 fig.canvas.print_figure(bytes_io, **kw)
4417.6s 613 /usr/local/lib/python3.12/dist-packages/IPython/core/pylabtools.py:151: UserWarning: Glyph 2334 (\N{DEVANAGARI LETTER NYA}) missing from font(s) DejaVu Sans.
4417.6s 614 fig.canvas.print_figure(bytes_io, **kw)
4417.6s 615 /usr/local/lib/python3.12/dist-packages/IPython/core/pylabtools.py:151: UserWarning: Glyph 2381 (\N{DEVANAGARI SIGN VIRAMA}) missing from font(s) DejaVu Sans.
4417.6s 616 fig.canvas.print_figure(bytes_io, **kw)
4417.6s 617 /usr/local/lib/python3.12/dist-packages/IPython/core/pylabtools.py:151: UserWarning: Glyph 2330 (\N{DEVANAGARI LETTER CA}) missing from font(s) DejaVu Sans.
4417.6s 618 fig.canvas.print_figure(bytes_io, **kw)
4417.6s 619 /usr/local/lib/python3.12/dist-packages/IPython/core/pylabtools.py:151: UserWarning: Glyph 2361 (\N{DEVANAGARI LETTER HA}) missing from font(s) DejaVu Sans.
4417.6s 620 fig.canvas.print_figure(bytes_io, **kw)
4417.6s 621 /usr/local/lib/python3.12/dist-packages/IPython/core/pylabtools.py:151: UserWarning: Glyph 2352 (\N{DEVANAGARI LETTER RA}) missing from font(s) DejaVu Sans.
4417.6s 622 fig.canvas.print_figure(bytes_io, **kw)
4417.6s 623 /usr/local/lib/python3.12/dist-packages/IPython/core/pylabtools.py:151: UserWarning: Glyph 2370 (\N{DEVANAGARI VOWEL SIGN UU}) missing from font(s) DejaVu Sans.
4417.6s 624 fig.canvas.print_figure(bytes_io, **kw)
4417.6s 625 /usr/local/lib/python3.12/dist-packages/IPython/core/pylabtools.py:151: UserWarning: Glyph 2354 (\N{DEVANAGARI LETTER LA}) missing from font(s) DejaVu Sans.
4417.6s 626 fig.canvas.print_figure(bytes_io, **kw)
4417.6s 627 /usr/local/lib/python3.12/dist-packages/IPython/core/pylabtools.py:151: UserWarning: Glyph 2360 (\N{DEVANAGARI LETTER SA}) missing from font(s) DejaVu Sans.
4417.6s 628 fig.canvas.print_figure(bytes_io, **kw)
4417.6s 629 /usr/local/lib/python3.12/dist-packages/IPython/core/pylabtools.py:151: UserWarning: Glyph 2325 (\N{DEVANAGARI LETTER KA}) missing from font(s) DejaVu Sans.
4417.6s 630 fig.canvas.print_figure(bytes_io, **kw)
4417.6s 631 /usr/local/lib/python3.12/dist-packages/IPython/core/pylabtools.py:151: UserWarning: Glyph 2376 (\N{DEVANAGARI VOWEL SIGN AI}) missing from font(s) DejaVu Sans.
4417.6s 632 fig.canvas.print_figure(bytes_io, **kw)
4417.6s 633 /usr/local/lib/python3.12/dist-packages/IPython/core/pylabtools.py:151: UserWarning: Glyph 2350 (\N{DEVANAGARI LETTER MA}) missing from font(s) DejaVu Sans.
4417.6s 634 fig.canvas.print_figure(bytes_io, **kw)
4417.6s 635 /usr/local/lib/python3.12/dist-packages/IPython/core/pylabtools.py:151: UserWarning: Glyph 2368 (\N{DEVANAGARI VOWEL SIGN II}) missing from font(s) DejaVu Sans.
4417.6s 636 fig.canvas.print_figure(bytes_io, **kw)
4417.6s 637 /usr/local/lib/python3.12/dist-packages/IPython/core/pylabtools.py:151: UserWarning: Glyph 2340 (\N{DEVANAGARI LETTER TA}) missing from font(s) DejaVu Sans.
4417.6s 638 fig.canvas.print_figure(bytes_io, **kw)
4417.6s 639 /usr/local/lib/python3.12/dist-packages/IPython/core/pylabtools.py:151: UserWarning: Glyph 2331 (\N{DEVANAGARI LETTER CHA}) missing from font(s) DejaVu Sans.
4417.6s 640 fig.canvas.print_figure(bytes_io, **kw)
4417.6s 641 /usr/local/lib/python3.12/dist-packages/IPython/core/pylabtools.py:151: UserWarning: Glyph 2380 (\N{DEVANAGARI VOWEL SIGN AU}) missing from font(s) DejaVu Sans.
4417.6s 642 fig.canvas.print_figure(bytes_io, **kw)
4417.6s 643 /usr/local/lib/python3.12/dist-packages/IPython/core/pylabtools.py:151: UserWarning: Glyph 2306 (\N{DEVANAGARI SIGN ANUSVARA}) missing from font(s) DejaVu Sans.
4417.6s 644 fig.canvas.print_figure(bytes_io, **kw)
4417.6s 645 /usr/local/lib/python3.12/dist-packages/IPython/core/pylabtools.py:151: UserWarning: Glyph 2349 (\N{DEVANAGARI LETTER BHA}) missing from font(s) DejaVu Sans.
4417.6s 646 fig.canvas.print_figure(bytes_io, **kw)
4417.6s 647 /usr/local/lib/python3.12/dist-packages/IPython/core/pylabtools.py:151: UserWarning: Glyph 2309 (\N{DEVANAGARI LETTER A}) missing from font(s) DejaVu Sans.
4417.6s 648 fig.canvas.print_figure(bytes_io, **kw)
4417.6s 649 /usr/local/lib/python3.12/dist-packages/IPython/core/pylabtools.py:151: UserWarning: Glyph 2369 (\N{DEVANAGARI VOWEL SIGN U}) missing from font(s) DejaVu Sans.
4417.6s 650 fig.canvas.print_figure(bytes_io, **kw)
4417.6s 651 /usr/local/lib/python3.12/dist-packages/IPython/core/pylabtools.py:151: UserWarning: Glyph 2367 (\N{DEVANAGARI VOWEL SIGN I}) missing from font(s) DejaVu Sans.
4417.6s 652 fig.canvas.print_figure(bytes_io, **kw)
4417.6s 653 /usr/local/lib/python3.12/dist-packages/IPython/core/pylabtools.py:151: UserWarning: Glyph 2341 (\N{DEVANAGARI LETTER THA}) missing from font(s) DejaVu Sans.
4417.6s 654 fig.canvas.print_figure(bytes_io, **kw)
4417.6s 655 /usr/local/lib/python3.12/dist-packages/IPython/core/pylabtools.py:151: UserWarning: Glyph 2351 (\N{DEVANAGARI LETTER YA}) missing from font(s) DejaVu Sans.
4417.6s 656 fig.canvas.print_figure(bytes_io, **kw)
4417.6s 657 /usr/local/lib/python3.12/dist-packages/IPython/core/pylabtools.py:151: UserWarning: Glyph 2379 (\N{DEVANAGARI VOWEL SIGN O}) missing from font(s) DejaVu Sans.
4417.6s 658 fig.canvas.print_figure(bytes_io, **kw)
4417.6s 659 /usr/local/lib/python3.12/dist-packages/IPython/core/pylabtools.py:151: UserWarning: Glyph 2357 (\N{DEVANAGARI LETTER VA}) missing from font(s) DejaVu Sans.
4417.6s 660 fig.canvas.print_figure(bytes_io, **kw)
4417.6s 661 /usr/local/lib/python3.12/dist-packages/IPython/core/pylabtools.py:151: UserWarning: Glyph 2332 (\N{DEVANAGARI LETTER JA}) missing from font(s) DejaVu Sans.
4417.6s 662 fig.canvas.print_figure(bytes_io, **kw)
4417.6s 663 /usr/local/lib/python3.12/dist-packages/IPython/core/pylabtools.py:151: UserWarning: Glyph 2339 (\N{DEVANAGARI LETTER NNA}) missing from font(s) DejaVu Sans.
4417.6s 664 fig.canvas.print_figure(bytes_io, **kw)
4417.6s 665 /usr/local/lib/python3.12/dist-packages/IPython/core/pylabtools.py:151: UserWarning: Glyph 2327 (\N{DEVANAGARI LETTER GA}) missing from font(s) DejaVu Sans.
4417.6s 666 fig.canvas.print_figure(bytes_io, **kw)
4417.6s 667 /usr/local/lib/python3.12/dist-packages/IPython/core/pylabtools.py:151: UserWarning: Glyph 2305 (\N{DEVANAGARI SIGN CANDRABINDU}) missing from font(s) DejaVu Sans.
4417.6s 668 fig.canvas.print_figure(bytes_io, **kw)
4417.6s 669 /usr/local/lib/python3.12/dist-packages/IPython/core/pylabtools.py:151: UserWarning: Glyph 2326 (\N{DEVANAGARI LETTER KHA}) missing from font(s) DejaVu Sans.
4417.6s 670 fig.canvas.print_figure(bytes_io, **kw)
4417.6s 671 /usr/local/lib/python3.12/dist-packages/IPython/core/pylabtools.py:151: UserWarning: Glyph 2335 (\N{DEVANAGARI LETTER TTA}) missing from font(s) DejaVu Sans.
4417.6s 672 fig.canvas.print_figure(bytes_io, **kw)
4417.6s 673 /usr/local/lib/python3.12/dist-packages/IPython/core/pylabtools.py:151: UserWarning: Glyph 2404 (\N{DEVANAGARI DANDA}) missing from font(s) DejaVu Sans.
4417.6s 674 fig.canvas.print_figure(bytes_io, **kw)
4417.6s 675 /usr/local/lib/python3.12/dist-packages/IPython/core/pylabtools.py:151: UserWarning: Glyph 2319 (\N{DEVANAGARI LETTER E}) missing from font(s) DejaVu Sans.
4417.6s 676 fig.canvas.print_figure(bytes_io, **kw)
4417.6s 677 
4417.6s 678 /tmp/ipykernel_23/2658116302.py:26: UserWarning: Glyph 2342 (\N{DEVANAGARI LETTER DA}) missing from font(s) DejaVu Sans.
4417.6s 679 plt.tight_layout()
4417.6s 680 /tmp/ipykernel_23/2658116302.py:26: UserWarning: Matplotlib currently does not support Devanagari natively.
4417.6s 681 plt.tight_layout()
4417.6s 682 /tmp/ipykernel_23/2658116302.py:26: UserWarning: Glyph 2375 (\N{DEVANAGARI VOWEL SIGN E}) missing from font(s) DejaVu Sans.
4417.6s 683 plt.tight_layout()
4417.6s 684 /tmp/ipykernel_23/2658116302.py:26: UserWarning: Glyph 2358 (\N{DEVANAGARI LETTER SHA}) missing from font(s) DejaVu Sans.
4417.6s 685 plt.tight_layout()
4417.6s 686 /tmp/ipykernel_23/2658116302.py:26: UserWarning: Glyph 2348 (\N{DEVANAGARI LETTER BA}) missing from font(s) DejaVu Sans.
4417.6s 687 plt.tight_layout()
4417.6s 688 /tmp/ipykernel_23/2658116302.py:26: UserWarning: Glyph 2344 (\N{DEVANAGARI LETTER NA}) missing from font(s) DejaVu Sans.
4417.6s 689 plt.tight_layout()
4417.6s 690 /tmp/ipykernel_23/2658116302.py:26: UserWarning: Glyph 2366 (\N{DEVANAGARI VOWEL SIGN AA}) missing from font(s) DejaVu Sans.
4417.6s 691 plt.tight_layout()
4417.6s 692 /tmp/ipykernel_23/2658116302.py:26: UserWarning: Glyph 2313 (\N{DEVANAGARI LETTER U}) missing from font(s) DejaVu Sans.
4417.6s 693 plt.tight_layout()
4417.6s 694 /tmp/ipykernel_23/2658116302.py:26: UserWarning: Glyph 2346 (\N{DEVANAGARI LETTER PA}) missing from font(s) DejaVu Sans.
4417.6s 695 plt.tight_layout()
4417.6s 696 /tmp/ipykernel_23/2658116302.py:26: UserWarning: Glyph 2334 (\N{DEVANAGARI LETTER NYA}) missing from font(s) DejaVu Sans.
4417.6s 697 plt.tight_layout()
4417.6s 698 /tmp/ipykernel_23/2658116302.py:26: UserWarning: Glyph 2381 (\N{DEVANAGARI SIGN VIRAMA}) missing from font(s) DejaVu Sans.
4417.6s 699 plt.tight_layout()
4417.6s 700 /tmp/ipykernel_23/2658116302.py:26: UserWarning: Glyph 2330 (\N{DEVANAGARI LETTER CA}) missing from font(s) DejaVu Sans.
4417.6s 701 plt.tight_layout()
4417.6s 702 /tmp/ipykernel_23/2658116302.py:26: UserWarning: Glyph 2361 (\N{DEVANAGARI LETTER HA}) missing from font(s) DejaVu Sans.
4417.6s 703 plt.tight_layout()
4417.6s 704 /tmp/ipykernel_23/2658116302.py:26: UserWarning: Glyph 2352 (\N{DEVANAGARI LETTER RA}) missing from font(s) DejaVu Sans.
4417.6s 705 plt.tight_layout()
4417.6s 706 /tmp/ipykernel_23/2658116302.py:26: UserWarning: Glyph 2370 (\N{DEVANAGARI VOWEL SIGN UU}) missing from font(s) DejaVu Sans.
4417.6s 707 plt.tight_layout()
4417.6s 708 /tmp/ipykernel_23/2658116302.py:26: UserWarning: Glyph 2354 (\N{DEVANAGARI LETTER LA}) missing from font(s) DejaVu Sans.
4417.6s 709 plt.tight_layout()
4417.6s 710 /tmp/ipykernel_23/2658116302.py:26: UserWarning: Glyph 2360 (\N{DEVANAGARI LETTER SA}) missing from font(s) DejaVu Sans.
4417.6s 711 plt.tight_layout()
4417.6s 712 /tmp/ipykernel_23/2658116302.py:26: UserWarning: Glyph 2325 (\N{DEVANAGARI LETTER KA}) missing from font(s) DejaVu Sans.
4417.6s 713 plt.tight_layout()
4417.6s 714 /tmp/ipykernel_23/2658116302.py:26: UserWarning: Glyph 2376 (\N{DEVANAGARI VOWEL SIGN AI}) missing from font(s) DejaVu Sans.
4417.6s 715 plt.tight_layout()
4417.6s 716 /tmp/ipykernel_23/2658116302.py:26: UserWarning: Glyph 2350 (\N{DEVANAGARI LETTER MA}) missing from font(s) DejaVu Sans.
4417.6s 717 plt.tight_layout()
4417.6s 718 /tmp/ipykernel_23/2658116302.py:26: UserWarning: Glyph 2368 (\N{DEVANAGARI VOWEL SIGN II}) missing from font(s) DejaVu Sans.
4417.6s 719 plt.tight_layout()
4417.6s 720 /tmp/ipykernel_23/2658116302.py:26: UserWarning: Glyph 2340 (\N{DEVANAGARI LETTER TA}) missing from font(s) DejaVu Sans.
4417.6s 721 plt.tight_layout()
4417.6s 722 /tmp/ipykernel_23/2658116302.py:26: UserWarning: Glyph 2331 (\N{DEVANAGARI LETTER CHA}) missing from font(s) DejaVu Sans.
4417.6s 723 plt.tight_layout()
4417.6s 724 /tmp/ipykernel_23/2658116302.py:26: UserWarning: Glyph 2380 (\N{DEVANAGARI VOWEL SIGN AU}) missing from font(s) DejaVu Sans.
4417.6s 725 plt.tight_layout()
4417.6s 726 /tmp/ipykernel_23/2658116302.py:26: UserWarning: Glyph 2306 (\N{DEVANAGARI SIGN ANUSVARA}) missing from font(s) DejaVu Sans.
4417.6s 727 plt.tight_layout()
4417.6s 728 /tmp/ipykernel_23/2658116302.py:26: UserWarning: Glyph 2349 (\N{DEVANAGARI LETTER BHA}) missing from font(s) DejaVu Sans.
4417.6s 729 plt.tight_layout()
4417.6s 730 /tmp/ipykernel_23/2658116302.py:26: UserWarning: Glyph 2309 (\N{DEVANAGARI LETTER A}) missing from font(s) DejaVu Sans.
4417.6s 731 plt.tight_layout()
4417.6s 732 /tmp/ipykernel_23/2658116302.py:26: UserWarning: Glyph 2369 (\N{DEVANAGARI VOWEL SIGN U}) missing from font(s) DejaVu Sans.
4417.6s 733 plt.tight_layout()
4417.6s 734 /tmp/ipykernel_23/2658116302.py:26: UserWarning: Glyph 2367 (\N{DEVANAGARI VOWEL SIGN I}) missing from font(s) DejaVu Sans.
4417.6s 735 plt.tight_layout()
4417.7s 736 /tmp/ipykernel_23/2658116302.py:26: UserWarning: Glyph 2341 (\N{DEVANAGARI LETTER THA}) missing from font(s) DejaVu Sans.
4417.7s 737 plt.tight_layout()
4417.7s 738 /tmp/ipykernel_23/2658116302.py:26: UserWarning: Glyph 2351 (\N{DEVANAGARI LETTER YA}) missing from font(s) DejaVu Sans.
4417.7s 739 plt.tight_layout()
4417.7s 740 /tmp/ipykernel_23/2658116302.py:26: UserWarning: Glyph 2379 (\N{DEVANAGARI VOWEL SIGN O}) missing from font(s) DejaVu Sans.
4417.7s 741 plt.tight_layout()
4417.7s 742 /tmp/ipykernel_23/2658116302.py:26: UserWarning: Glyph 2357 (\N{DEVANAGARI LETTER VA}) missing from font(s) DejaVu Sans.
4417.7s 743 plt.tight_layout()
4417.7s 744 /tmp/ipykernel_23/2658116302.py:26: UserWarning: Glyph 2332 (\N{DEVANAGARI LETTER JA}) missing from font(s) DejaVu Sans.
4417.7s 745 plt.tight_layout()
4417.7s 746 /tmp/ipykernel_23/2658116302.py:26: UserWarning: Glyph 2339 (\N{DEVANAGARI LETTER NNA}) missing from font(s) DejaVu Sans.
4417.7s 747 plt.tight_layout()
4417.7s 748 /tmp/ipykernel_23/2658116302.py:26: UserWarning: Glyph 2327 (\N{DEVANAGARI LETTER GA}) missing from font(s) DejaVu Sans.
4417.7s 749 plt.tight_layout()
4417.7s 750 /tmp/ipykernel_23/2658116302.py:26: UserWarning: Glyph 2305 (\N{DEVANAGARI SIGN CANDRABINDU}) missing from font(s) DejaVu Sans.
4417.7s 751 plt.tight_layout()
4417.7s 752 /tmp/ipykernel_23/2658116302.py:26: UserWarning: Glyph 2326 (\N{DEVANAGARI LETTER KHA}) missing from font(s) DejaVu Sans.
4417.7s 753 plt.tight_layout()
4417.7s 754 /tmp/ipykernel_23/2658116302.py:26: UserWarning: Glyph 2335 (\N{DEVANAGARI LETTER TTA}) missing from font(s) DejaVu Sans.
4417.7s 755 plt.tight_layout()
4417.7s 756 /tmp/ipykernel_23/2658116302.py:26: UserWarning: Glyph 2404 (\N{DEVANAGARI DANDA}) missing from font(s) DejaVu Sans.
4417.7s 757 plt.tight_layout()
4417.7s 758 /tmp/ipykernel_23/2658116302.py:26: UserWarning: Glyph 2319 (\N{DEVANAGARI LETTER E}) missing from font(s) DejaVu Sans.
4417.7s 759 plt.tight_layout()
4417.7s 760 /usr/local/lib/python3.12/dist-packages/IPython/core/pylabtools.py:151: UserWarning: Glyph 2342 (\N{DEVANAGARI LETTER DA}) missing from font(s) DejaVu Sans.
4417.7s 761 fig.canvas.print_figure(bytes_io, **kw)
4417.7s 762 /usr/local/lib/python3.12/dist-packages/IPython/core/pylabtools.py:151: UserWarning: Matplotlib currently does not support Devanagari natively.
4417.7s 763 fig.canvas.print_figure(bytes_io, **kw)
4417.7s 764 /usr/local/lib/python3.12/dist-packages/IPython/core/pylabtools.py:151: UserWarning: Glyph 2375 (\N{DEVANAGARI VOWEL SIGN E}) missing from font(s) DejaVu Sans.
4417.7s 765 fig.canvas.print_figure(bytes_io, **kw)
4417.7s 766 /usr/local/lib/python3.12/dist-packages/IPython/core/pylabtools.py:151: UserWarning: Glyph 2358 (\N{DEVANAGARI LETTER SHA}) missing from font(s) DejaVu Sans.
4417.7s 767 fig.canvas.print_figure(bytes_io, **kw)
4417.7s 768 /usr/local/lib/python3.12/dist-packages/IPython/core/pylabtools.py:151: UserWarning: Glyph 2348 (\N{DEVANAGARI LETTER BA}) missing from font(s) DejaVu Sans.
4417.7s 769 fig.canvas.print_figure(bytes_io, **kw)
4417.7s 770 /usr/local/lib/python3.12/dist-packages/IPython/core/pylabtools.py:151: UserWarning: Glyph 2344 (\N{DEVANAGARI LETTER NA}) missing from font(s) DejaVu Sans.
4417.7s 771 fig.canvas.print_figure(bytes_io, **kw)
4417.7s 772 /usr/local/lib/python3.12/dist-packages/IPython/core/pylabtools.py:151: UserWarning: Glyph 2366 (\N{DEVANAGARI VOWEL SIGN AA}) missing from font(s) DejaVu Sans.
4417.7s 773 fig.canvas.print_figure(bytes_io, **kw)
4417.7s 774 /usr/local/lib/python3.12/dist-packages/IPython/core/pylabtools.py:151: UserWarning: Glyph 2313 (\N{DEVANAGARI LETTER U}) missing from font(s) DejaVu Sans.
4417.7s 775 fig.canvas.print_figure(bytes_io, **kw)
4417.7s 776 /usr/local/lib/python3.12/dist-packages/IPython/core/pylabtools.py:151: UserWarning: Glyph 2346 (\N{DEVANAGARI LETTER PA}) missing from font(s) DejaVu Sans.
4417.7s 777 fig.canvas.print_figure(bytes_io, **kw)
4417.7s 778 /usr/local/lib/python3.12/dist-packages/IPython/core/pylabtools.py:151: UserWarning: Glyph 2334 (\N{DEVANAGARI LETTER NYA}) missing from font(s) DejaVu Sans.
4417.7s 779 fig.canvas.print_figure(bytes_io, **kw)
4417.7s 780 /usr/local/lib/python3.12/dist-packages/IPython/core/pylabtools.py:151: UserWarning: Glyph 2381 (\N{DEVANAGARI SIGN VIRAMA}) missing from font(s) DejaVu Sans.
4417.7s 781 fig.canvas.print_figure(bytes_io, **kw)
4417.7s 782 /usr/local/lib/python3.12/dist-packages/IPython/core/pylabtools.py:151: UserWarning: Glyph 2330 (\N{DEVANAGARI LETTER CA}) missing from font(s) DejaVu Sans.
4417.7s 783 fig.canvas.print_figure(bytes_io, **kw)
4417.7s 784 /usr/local/lib/python3.12/dist-packages/IPython/core/pylabtools.py:151: UserWarning: Glyph 2361 (\N{DEVANAGARI LETTER HA}) missing from font(s) DejaVu Sans.
4417.7s 785 fig.canvas.print_figure(bytes_io, **kw)
4417.7s 786 /usr/local/lib/python3.12/dist-packages/IPython/core/pylabtools.py:151: UserWarning: Glyph 2352 (\N{DEVANAGARI LETTER RA}) missing from font(s) DejaVu Sans.
4417.7s 787 fig.canvas.print_figure(bytes_io, **kw)
4417.7s 788 /usr/local/lib/python3.12/dist-packages/IPython/core/pylabtools.py:151: UserWarning: Glyph 2370 (\N{DEVANAGARI VOWEL SIGN UU}) missing from font(s) DejaVu Sans.
4417.7s 789 fig.canvas.print_figure(bytes_io, **kw)
4417.7s 790 /usr/local/lib/python3.12/dist-packages/IPython/core/pylabtools.py:151: UserWarning: Glyph 2354 (\N{DEVANAGARI LETTER LA}) missing from font(s) DejaVu Sans.
4417.7s 791 fig.canvas.print_figure(bytes_io, **kw)
4417.7s 792 /usr/local/lib/python3.12/dist-packages/IPython/core/pylabtools.py:151: UserWarning: Glyph 2360 (\N{DEVANAGARI LETTER SA}) missing from font(s) DejaVu Sans.
4417.7s 793 fig.canvas.print_figure(bytes_io, **kw)
4417.7s 794 /usr/local/lib/python3.12/dist-packages/IPython/core/pylabtools.py:151: UserWarning: Glyph 2325 (\N{DEVANAGARI LETTER KA}) missing from font(s) DejaVu Sans.
4417.7s 795 fig.canvas.print_figure(bytes_io, **kw)
4417.7s 796 /usr/local/lib/python3.12/dist-packages/IPython/core/pylabtools.py:151: UserWarning: Glyph 2376 (\N{DEVANAGARI VOWEL SIGN AI}) missing from font(s) DejaVu Sans.
4417.7s 797 fig.canvas.print_figure(bytes_io, **kw)
4417.7s 798 /usr/local/lib/python3.12/dist-packages/IPython/core/pylabtools.py:151: UserWarning: Glyph 2350 (\N{DEVANAGARI LETTER MA}) missing from font(s) DejaVu Sans.
4417.7s 799 fig.canvas.print_figure(bytes_io, **kw)
4417.7s 800 /usr/local/lib/python3.12/dist-packages/IPython/core/pylabtools.py:151: UserWarning: Glyph 2368 (\N{DEVANAGARI VOWEL SIGN II}) missing from font(s) DejaVu Sans.
4417.7s 801 fig.canvas.print_figure(bytes_io, **kw)
4417.7s 802 /usr/local/lib/python3.12/dist-packages/IPython/core/pylabtools.py:151: UserWarning: Glyph 2340 (\N{DEVANAGARI LETTER TA}) missing from font(s) DejaVu Sans.
4417.7s 803 fig.canvas.print_figure(bytes_io, **kw)
4417.7s 804 /usr/local/lib/python3.12/dist-packages/IPython/core/pylabtools.py:151: UserWarning: Glyph 2331 (\N{DEVANAGARI LETTER CHA}) missing from font(s) DejaVu Sans.
4417.7s 805 fig.canvas.print_figure(bytes_io, **kw)
4417.7s 806 /usr/local/lib/python3.12/dist-packages/IPython/core/pylabtools.py:151: UserWarning: Glyph 2380 (\N{DEVANAGARI VOWEL SIGN AU}) missing from font(s) DejaVu Sans.
4417.7s 807 fig.canvas.print_figure(bytes_io, **kw)
4417.7s 808 /usr/local/lib/python3.12/dist-packages/IPython/core/pylabtools.py:151: UserWarning: Glyph 2306 (\N{DEVANAGARI SIGN ANUSVARA}) missing from font(s) DejaVu Sans.
4417.7s 809 fig.canvas.print_figure(bytes_io, **kw)
4417.7s 810 /usr/local/lib/python3.12/dist-packages/IPython/core/pylabtools.py:151: UserWarning: Glyph 2349 (\N{DEVANAGARI LETTER BHA}) missing from font(s) DejaVu Sans.
4417.7s 811 fig.canvas.print_figure(bytes_io, **kw)
4417.7s 812 /usr/local/lib/python3.12/dist-packages/IPython/core/pylabtools.py:151: UserWarning: Glyph 2309 (\N{DEVANAGARI LETTER A}) missing from font(s) DejaVu Sans.
4417.7s 813 fig.canvas.print_figure(bytes_io, **kw)
4417.7s 814 /usr/local/lib/python3.12/dist-packages/IPython/core/pylabtools.py:151: UserWarning: Glyph 2369 (\N{DEVANAGARI VOWEL SIGN U}) missing from font(s) DejaVu Sans.
4417.7s 815 fig.canvas.print_figure(bytes_io, **kw)
4417.7s 816 /usr/local/lib/python3.12/dist-packages/IPython/core/pylabtools.py:151: UserWarning: Glyph 2367 (\N{DEVANAGARI VOWEL SIGN I}) missing from font(s) DejaVu Sans.
4417.7s 817 fig.canvas.print_figure(bytes_io, **kw)
4417.7s 818 /usr/local/lib/python3.12/dist-packages/IPython/core/pylabtools.py:151: UserWarning: Glyph 2341 (\N{DEVANAGARI LETTER THA}) missing from font(s) DejaVu Sans.
4417.7s 819 fig.canvas.print_figure(bytes_io, **kw)
4417.7s 820 /usr/local/lib/python3.12/dist-packages/IPython/core/pylabtools.py:151: UserWarning: Glyph 2351 (\N{DEVANAGARI LETTER YA}) missing from font(s) DejaVu Sans.
4417.7s 821 fig.canvas.print_figure(bytes_io, **kw)
4417.7s 822 /usr/local/lib/python3.12/dist-packages/IPython/core/pylabtools.py:151: UserWarning: Glyph 2379 (\N{DEVANAGARI VOWEL SIGN O}) missing from font(s) DejaVu Sans.
4417.7s 823 fig.canvas.print_figure(bytes_io, **kw)
4417.7s 824 /usr/local/lib/python3.12/dist-packages/IPython/core/pylabtools.py:151: UserWarning: Glyph 2357 (\N{DEVANAGARI LETTER VA}) missing from font(s) DejaVu Sans.
4417.7s 825 fig.canvas.print_figure(bytes_io, **kw)
4417.7s 826 /usr/local/lib/python3.12/dist-packages/IPython/core/pylabtools.py:151: UserWarning: Glyph 2332 (\N{DEVANAGARI LETTER JA}) missing from font(s) DejaVu Sans.
4417.7s 827 fig.canvas.print_figure(bytes_io, **kw)
4417.7s 828 /usr/local/lib/python3.12/dist-packages/IPython/core/pylabtools.py:151: UserWarning: Glyph 2339 (\N{DEVANAGARI LETTER NNA}) missing from font(s) DejaVu Sans.
4417.7s 829 fig.canvas.print_figure(bytes_io, **kw)
4417.7s 830 /usr/local/lib/python3.12/dist-packages/IPython/core/pylabtools.py:151: UserWarning: Glyph 2327 (\N{DEVANAGARI LETTER GA}) missing from font(s) DejaVu Sans.
4417.7s 831 fig.canvas.print_figure(bytes_io, **kw)
4417.7s 832 /usr/local/lib/python3.12/dist-packages/IPython/core/pylabtools.py:151: UserWarning: Glyph 2305 (\N{DEVANAGARI SIGN CANDRABINDU}) missing from font(s) DejaVu Sans.
4417.7s 833 fig.canvas.print_figure(bytes_io, **kw)
4417.7s 834 /usr/local/lib/python3.12/dist-packages/IPython/core/pylabtools.py:151: UserWarning: Glyph 2326 (\N{DEVANAGARI LETTER KHA}) missing from font(s) DejaVu Sans.
4417.7s 835 fig.canvas.print_figure(bytes_io, **kw)
4417.7s 836 /usr/local/lib/python3.12/dist-packages/IPython/core/pylabtools.py:151: UserWarning: Glyph 2335 (\N{DEVANAGARI LETTER TTA}) missing from font(s) DejaVu Sans.
4417.7s 837 fig.canvas.print_figure(bytes_io, **kw)
4417.7s 838 /usr/local/lib/python3.12/dist-packages/IPython/core/pylabtools.py:151: UserWarning: Glyph 2404 (\N{DEVANAGARI DANDA}) missing from font(s) DejaVu Sans.
4417.7s 839 fig.canvas.print_figure(bytes_io, **kw)
4417.7s 840 /usr/local/lib/python3.12/dist-packages/IPython/core/pylabtools.py:151: UserWarning: Glyph 2319 (\N{DEVANAGARI LETTER E}) missing from font(s) DejaVu Sans.
4417.7s 841 fig.canvas.print_figure(bytes_io, **kw)
4418.1s 842 /tmp/ipykernel_23/2658116302.py:26: UserWarning: Glyph 2342 (\N{DEVANAGARI LETTER DA}) missing from font(s) DejaVu Sans.
4418.1s 843 plt.tight_layout()
4418.1s 844 /tmp/ipykernel_23/2658116302.py:26: UserWarning: Matplotlib currently does not support Devanagari natively.
4418.1s 845 plt.tight_layout()
4418.1s 846 /tmp/ipykernel_23/2658116302.py:26: UserWarning: Glyph 2375 (\N{DEVANAGARI VOWEL SIGN E}) missing from font(s) DejaVu Sans.
4418.1s 847 plt.tight_layout()
4418.1s 848 /tmp/ipykernel_23/2658116302.py:26: UserWarning: Glyph 2358 (\N{DEVANAGARI LETTER SHA}) missing from font(s) DejaVu Sans.
4418.1s 849 plt.tight_layout()
4418.1s 850 /tmp/ipykernel_23/2658116302.py:26: UserWarning: Glyph 2348 (\N{DEVANAGARI LETTER BA}) missing from font(s) DejaVu Sans.
4418.1s 851 plt.tight_layout()
4418.1s 852 /tmp/ipykernel_23/2658116302.py:26: UserWarning: Glyph 2344 (\N{DEVANAGARI LETTER NA}) missing from font(s) DejaVu Sans.
4418.1s 853 plt.tight_layout()
4418.1s 854 /tmp/ipykernel_23/2658116302.py:26: UserWarning: Glyph 2366 (\N{DEVANAGARI VOWEL SIGN AA}) missing from font(s) DejaVu Sans.
4418.1s 855 plt.tight_layout()
4418.1s 856 /tmp/ipykernel_23/2658116302.py:26: UserWarning: Glyph 2313 (\N{DEVANAGARI LETTER U}) missing from font(s) DejaVu Sans.
4418.1s 857 plt.tight_layout()
4418.1s 858 /tmp/ipykernel_23/2658116302.py:26: UserWarning: Glyph 2346 (\N{DEVANAGARI LETTER PA}) missing from font(s) DejaVu Sans.
4418.1s 859 plt.tight_layout()
4418.1s 860 /tmp/ipykernel_23/2658116302.py:26: UserWarning: Glyph 2334 (\N{DEVANAGARI LETTER NYA}) missing from font(s) DejaVu Sans.
4418.1s 861 plt.tight_layout()
4418.1s 862 /tmp/ipykernel_23/2658116302.py:26: UserWarning: Glyph 2381 (\N{DEVANAGARI SIGN VIRAMA}) missing from font(s) DejaVu Sans.
4418.1s 863 plt.tight_layout()
4418.1s 864 /tmp/ipykernel_23/2658116302.py:26: UserWarning: Glyph 2330 (\N{DEVANAGARI LETTER CA}) missing from font(s) DejaVu Sans.
4418.1s 865 plt.tight_layout()
4418.1s 866 /tmp/ipykernel_23/2658116302.py:26: UserWarning: Glyph 2361 (\N{DEVANAGARI LETTER HA}) missing from font(s) DejaVu Sans.
4418.1s 867 plt.tight_layout()
4418.1s 868 /tmp/ipykernel_23/2658116302.py:26: UserWarning: Glyph 2352 (\N{DEVANAGARI LETTER RA}) missing from font(s) DejaVu Sans.
4418.1s 869 plt.tight_layout()
4418.1s 870 /tmp/ipykernel_23/2658116302.py:26: UserWarning: Glyph 2370 (\N{DEVANAGARI VOWEL SIGN UU}) missing from font(s) DejaVu Sans.
4418.1s 871 plt.tight_layout()
4418.1s 872 /tmp/ipykernel_23/2658116302.py:26: UserWarning: Glyph 2354 (\N{DEVANAGARI LETTER LA}) missing from font(s) DejaVu Sans.
4418.1s 873 plt.tight_layout()
4418.1s 874 /tmp/ipykernel_23/2658116302.py:26: UserWarning: Glyph 2360 (\N{DEVANAGARI LETTER SA}) missing from font(s) DejaVu Sans.
4418.1s 875 plt.tight_layout()
4418.1s 876 /tmp/ipykernel_23/2658116302.py:26: UserWarning: Glyph 2325 (\N{DEVANAGARI LETTER KA}) missing from font(s) DejaVu Sans.
4418.1s 877 plt.tight_layout()
4418.1s 878 /tmp/ipykernel_23/2658116302.py:26: UserWarning: Glyph 2376 (\N{DEVANAGARI VOWEL SIGN AI}) missing from font(s) DejaVu Sans.
4418.1s 879 plt.tight_layout()
4418.1s 880 /tmp/ipykernel_23/2658116302.py:26: UserWarning: Glyph 2350 (\N{DEVANAGARI LETTER MA}) missing from font(s) DejaVu Sans.
4418.1s 881 plt.tight_layout()
4418.1s 882 /tmp/ipykernel_23/2658116302.py:26: UserWarning: Glyph 2368 (\N{DEVANAGARI VOWEL SIGN II}) missing from font(s) DejaVu Sans.
4418.1s 883 plt.tight_layout()
4418.1s 884 /tmp/ipykernel_23/2658116302.py:26: UserWarning: Glyph 2340 (\N{DEVANAGARI LETTER TA}) missing from font(s) DejaVu Sans.
4418.1s 885 plt.tight_layout()
4418.1s 886 /tmp/ipykernel_23/2658116302.py:26: UserWarning: Glyph 2331 (\N{DEVANAGARI LETTER CHA}) missing from font(s) DejaVu Sans.
4418.1s 887 plt.tight_layout()
4418.1s 888 /tmp/ipykernel_23/2658116302.py:26: UserWarning: Glyph 2380 (\N{DEVANAGARI VOWEL SIGN AU}) missing from font(s) DejaVu Sans.
4418.1s 889 plt.tight_layout()
4418.1s 890 /tmp/ipykernel_23/2658116302.py:26: UserWarning: Glyph 2306 (\N{DEVANAGARI SIGN ANUSVARA}) missing from font(s) DejaVu Sans.
4418.1s 891 plt.tight_layout()
4418.1s 892 /tmp/ipykernel_23/2658116302.py:26: UserWarning: Glyph 2349 (\N{DEVANAGARI LETTER BHA}) missing from font(s) DejaVu Sans.
4418.1s 893 plt.tight_layout()
4418.1s 894 /tmp/ipykernel_23/2658116302.py:26: UserWarning: Glyph 2309 (\N{DEVANAGARI LETTER A}) missing from font(s) DejaVu Sans.
4418.1s 895 plt.tight_layout()
4418.1s 896 /tmp/ipykernel_23/2658116302.py:26: UserWarning: Glyph 2369 (\N{DEVANAGARI VOWEL SIGN U}) missing from font(s) DejaVu Sans.
4418.1s 897 plt.tight_layout()
4418.1s 898 /tmp/ipykernel_23/2658116302.py:26: UserWarning: Glyph 2367 (\N{DEVANAGARI VOWEL SIGN I}) missing from font(s) DejaVu Sans.
4418.1s 899 plt.tight_layout()
4418.1s 900 /tmp/ipykernel_23/2658116302.py:26: UserWarning: Glyph 2341 (\N{DEVANAGARI LETTER THA}) missing from font(s) DejaVu Sans.
4418.1s 901 plt.tight_layout()
4418.1s 902 /tmp/ipykernel_23/2658116302.py:26: UserWarning: Glyph 2351 (\N{DEVANAGARI LETTER YA}) missing from font(s) DejaVu Sans.
4418.1s 903 plt.tight_layout()
4418.1s 904 /tmp/ipykernel_23/2658116302.py:26: UserWarning: Glyph 2379 (\N{DEVANAGARI VOWEL SIGN O}) missing from font(s) DejaVu Sans.
4418.1s 905 plt.tight_layout()
4418.1s 906 /tmp/ipykernel_23/2658116302.py:26: UserWarning: Glyph 2357 (\N{DEVANAGARI LETTER VA}) missing from font(s) DejaVu Sans.
4418.1s 907 plt.tight_layout()
4418.1s 908 /tmp/ipykernel_23/2658116302.py:26: UserWarning: Glyph 2332 (\N{DEVANAGARI LETTER JA}) missing from font(s) DejaVu Sans.
4418.1s 909 plt.tight_layout()
4418.1s 910 /tmp/ipykernel_23/2658116302.py:26: UserWarning: Glyph 2339 (\N{DEVANAGARI LETTER NNA}) missing from font(s) DejaVu Sans.
4418.1s 911 plt.tight_layout()
4418.1s 912 /tmp/ipykernel_23/2658116302.py:26: UserWarning: Glyph 2327 (\N{DEVANAGARI LETTER GA}) missing from font(s) DejaVu Sans.
4418.1s 913 plt.tight_layout()
4418.1s 914 /tmp/ipykernel_23/2658116302.py:26: UserWarning: Glyph 2305 (\N{DEVANAGARI SIGN CANDRABINDU}) missing from font(s) DejaVu Sans.
4418.1s 915 plt.tight_layout()
4418.1s 916 /tmp/ipykernel_23/2658116302.py:26: UserWarning: Glyph 2326 (\N{DEVANAGARI LETTER KHA}) missing from font(s) DejaVu Sans.
4418.1s 917 plt.tight_layout()
4418.1s 918 /tmp/ipykernel_23/2658116302.py:26: UserWarning: Glyph 2335 (\N{DEVANAGARI LETTER TTA}) missing from font(s) DejaVu Sans.
4418.1s 919 plt.tight_layout()
4418.1s 920 /tmp/ipykernel_23/2658116302.py:26: UserWarning: Glyph 2404 (\N{DEVANAGARI DANDA}) missing from font(s) DejaVu Sans.
4418.1s 921 plt.tight_layout()
4418.1s 922 /tmp/ipykernel_23/2658116302.py:26: UserWarning: Glyph 2319 (\N{DEVANAGARI LETTER E}) missing from font(s) DejaVu Sans.
4418.1s 923 plt.tight_layout()
4418.1s 924 /usr/local/lib/python3.12/dist-packages/IPython/core/pylabtools.py:151: UserWarning: Glyph 2342 (\N{DEVANAGARI LETTER DA}) missing from font(s) DejaVu Sans.
4418.1s 925 fig.canvas.print_figure(bytes_io, **kw)
4418.1s 926 /usr/local/lib/python3.12/dist-packages/IPython/core/pylabtools.py:151: UserWarning: Matplotlib currently does not support Devanagari natively.
4418.1s 927 fig.canvas.print_figure(bytes_io, **kw)
4418.1s 928 /usr/local/lib/python3.12/dist-packages/IPython/core/pylabtools.py:151: UserWarning: Glyph 2375 (\N{DEVANAGARI VOWEL SIGN E}) missing from font(s) DejaVu Sans.
4418.1s 929 fig.canvas.print_figure(bytes_io, **kw)
4418.1s 930 /usr/local/lib/python3.12/dist-packages/IPython/core/pylabtools.py:151: UserWarning: Glyph 2358 (\N{DEVANAGARI LETTER SHA}) missing from font(s) DejaVu Sans.
4418.1s 931 fig.canvas.print_figure(bytes_io, **kw)
4418.1s 932 /usr/local/lib/python3.12/dist-packages/IPython/core/pylabtools.py:151: UserWarning: Glyph 2348 (\N{DEVANAGARI LETTER BA}) missing from font(s) DejaVu Sans.
4418.1s 933 fig.canvas.print_figure(bytes_io, **kw)
4418.1s 934 /usr/local/lib/python3.12/dist-packages/IPython/core/pylabtools.py:151: UserWarning: Glyph 2344 (\N{DEVANAGARI LETTER NA}) missing from font(s) DejaVu Sans.
4418.1s 935 fig.canvas.print_figure(bytes_io, **kw)
4418.1s 936 /usr/local/lib/python3.12/dist-packages/IPython/core/pylabtools.py:151: UserWarning: Glyph 2366 (\N{DEVANAGARI VOWEL SIGN AA}) missing from font(s) DejaVu Sans.
4418.1s 937 fig.canvas.print_figure(bytes_io, **kw)
4418.1s 938 /usr/local/lib/python3.12/dist-packages/IPython/core/pylabtools.py:151: UserWarning: Glyph 2313 (\N{DEVANAGARI LETTER U}) missing from font(s) DejaVu Sans.
4418.1s 939 fig.canvas.print_figure(bytes_io, **kw)
4418.1s 940 /usr/local/lib/python3.12/dist-packages/IPython/core/pylabtools.py:151: UserWarning: Glyph 2346 (\N{DEVANAGARI LETTER PA}) missing from font(s) DejaVu Sans.
4418.1s 941 fig.canvas.print_figure(bytes_io, **kw)
4418.1s 942 /usr/local/lib/python3.12/dist-packages/IPython/core/pylabtools.py:151: UserWarning: Glyph 2334 (\N{DEVANAGARI LETTER NYA}) missing from font(s) DejaVu Sans.
4418.1s 943 fig.canvas.print_figure(bytes_io, **kw)
4418.1s 944 /usr/local/lib/python3.12/dist-packages/IPython/core/pylabtools.py:151: UserWarning: Glyph 2381 (\N{DEVANAGARI SIGN VIRAMA}) missing from font(s) DejaVu Sans.
4418.1s 945 fig.canvas.print_figure(bytes_io, **kw)
4418.1s 946 /usr/local/lib/python3.12/dist-packages/IPython/core/pylabtools.py:151: UserWarning: Glyph 2330 (\N{DEVANAGARI LETTER CA}) missing from font(s) DejaVu Sans.
4418.1s 947 fig.canvas.print_figure(bytes_io, **kw)
4418.1s 948 /usr/local/lib/python3.12/dist-packages/IPython/core/pylabtools.py:151: UserWarning: Glyph 2361 (\N{DEVANAGARI LETTER HA}) missing from font(s) DejaVu Sans.
4418.1s 949 fig.canvas.print_figure(bytes_io, **kw)
4418.1s 950 /usr/local/lib/python3.12/dist-packages/IPython/core/pylabtools.py:151: UserWarning: Glyph 2352 (\N{DEVANAGARI LETTER RA}) missing from font(s) DejaVu Sans.
4418.1s 951 fig.canvas.print_figure(bytes_io, **kw)
4418.1s 952 /usr/local/lib/python3.12/dist-packages/IPython/core/pylabtools.py:151: UserWarning: Glyph 2370 (\N{DEVANAGARI VOWEL SIGN UU}) missing from font(s) DejaVu Sans.
4418.1s 953 fig.canvas.print_figure(bytes_io, **kw)
4418.1s 954 /usr/local/lib/python3.12/dist-packages/IPython/core/pylabtools.py:151: UserWarning: Glyph 2354 (\N{DEVANAGARI LETTER LA}) missing from font(s) DejaVu Sans.
4418.1s 955 fig.canvas.print_figure(bytes_io, **kw)
4418.1s 956 /usr/local/lib/python3.12/dist-packages/IPython/core/pylabtools.py:151: UserWarning: Glyph 2360 (\N{DEVANAGARI LETTER SA}) missing from font(s) DejaVu Sans.
4418.1s 957 fig.canvas.print_figure(bytes_io, **kw)
4418.1s 958 /usr/local/lib/python3.12/dist-packages/IPython/core/pylabtools.py:151: UserWarning: Glyph 2325 (\N{DEVANAGARI LETTER KA}) missing from font(s) DejaVu Sans.
4418.1s 959 fig.canvas.print_figure(bytes_io, **kw)
4418.1s 960 /usr/local/lib/python3.12/dist-packages/IPython/core/pylabtools.py:151: UserWarning: Glyph 2376 (\N{DEVANAGARI VOWEL SIGN AI}) missing from font(s) DejaVu Sans.
4418.1s 961 fig.canvas.print_figure(bytes_io, **kw)
4418.1s 962 /usr/local/lib/python3.12/dist-packages/IPython/core/pylabtools.py:151: UserWarning: Glyph 2350 (\N{DEVANAGARI LETTER MA}) missing from font(s) DejaVu Sans.
4418.1s 963 fig.canvas.print_figure(bytes_io, **kw)
4418.1s 964 /usr/local/lib/python3.12/dist-packages/IPython/core/pylabtools.py:151: UserWarning: Glyph 2368 (\N{DEVANAGARI VOWEL SIGN II}) missing from font(s) DejaVu Sans.
4418.1s 965 fig.canvas.print_figure(bytes_io, **kw)
4418.1s 966 /usr/local/lib/python3.12/dist-packages/IPython/core/pylabtools.py:151: UserWarning: Glyph 2340 (\N{DEVANAGARI LETTER TA}) missing from font(s) DejaVu Sans.
4418.1s 967 fig.canvas.print_figure(bytes_io, **kw)
4418.1s 968 /usr/local/lib/python3.12/dist-packages/IPython/core/pylabtools.py:151: UserWarning: Glyph 2331 (\N{DEVANAGARI LETTER CHA}) missing from font(s) DejaVu Sans.
4418.1s 969 fig.canvas.print_figure(bytes_io, **kw)
4418.1s 970 /usr/local/lib/python3.12/dist-packages/IPython/core/pylabtools.py:151: UserWarning: Glyph 2380 (\N{DEVANAGARI VOWEL SIGN AU}) missing from font(s) DejaVu Sans.
4418.1s 971 fig.canvas.print_figure(bytes_io, **kw)
4418.1s 972 /usr/local/lib/python3.12/dist-packages/IPython/core/pylabtools.py:151: UserWarning: Glyph 2306 (\N{DEVANAGARI SIGN ANUSVARA}) missing from font(s) DejaVu Sans.
4418.1s 973 fig.canvas.print_figure(bytes_io, **kw)
4418.1s 974 /usr/local/lib/python3.12/dist-packages/IPython/core/pylabtools.py:151: UserWarning: Glyph 2349 (\N{DEVANAGARI LETTER BHA}) missing from font(s) DejaVu Sans.
4418.1s 975 fig.canvas.print_figure(bytes_io, **kw)
4418.1s 976 /usr/local/lib/python3.12/dist-packages/IPython/core/pylabtools.py:151: UserWarning: Glyph 2309 (\N{DEVANAGARI LETTER A}) missing from font(s) DejaVu Sans.
4418.1s 977 fig.canvas.print_figure(bytes_io, **kw)
4418.1s 978 /usr/local/lib/python3.12/dist-packages/IPython/core/pylabtools.py:151: UserWarning: Glyph 2369 (\N{DEVANAGARI VOWEL SIGN U}) missing from font(s) DejaVu Sans.
4418.1s 979 fig.canvas.print_figure(bytes_io, **kw)
4418.1s 980 /usr/local/lib/python3.12/dist-packages/IPython/core/pylabtools.py:151: UserWarning: Glyph 2367 (\N{DEVANAGARI VOWEL SIGN I}) missing from font(s) DejaVu Sans.
4418.1s 981 fig.canvas.print_figure(bytes_io, **kw)
4418.1s 982 /usr/local/lib/python3.12/dist-packages/IPython/core/pylabtools.py:151: UserWarning: Glyph 2341 (\N{DEVANAGARI LETTER THA}) missing from font(s) DejaVu Sans.
4418.1s 983 fig.canvas.print_figure(bytes_io, **kw)
4418.1s 984 /usr/local/lib/python3.12/dist-packages/IPython/core/pylabtools.py:151: UserWarning: Glyph 2351 (\N{DEVANAGARI LETTER YA}) missing from font(s) DejaVu Sans.
4418.1s 985 fig.canvas.print_figure(bytes_io, **kw)
4418.1s 986 /usr/local/lib/python3.12/dist-packages/IPython/core/pylabtools.py:151: UserWarning: Glyph 2379 (\N{DEVANAGARI VOWEL SIGN O}) missing from font(s) DejaVu Sans.
4418.1s 987 fig.canvas.print_figure(bytes_io, **kw)
4418.1s 988 /usr/local/lib/python3.12/dist-packages/IPython/core/pylabtools.py:151: UserWarning: Glyph 2357 (\N{DEVANAGARI LETTER VA}) missing from font(s) DejaVu Sans.
4418.1s 989 fig.canvas.print_figure(bytes_io, **kw)
4418.1s 990 /usr/local/lib/python3.12/dist-packages/IPython/core/pylabtools.py:151: UserWarning: Glyph 2332 (\N{DEVANAGARI LETTER JA}) missing from font(s) DejaVu Sans.
4418.1s 991 fig.canvas.print_figure(bytes_io, **kw)
4418.1s 992 /usr/local/lib/python3.12/dist-packages/IPython/core/pylabtools.py:151: UserWarning: Glyph 2339 (\N{DEVANAGARI LETTER NNA}) missing from font(s) DejaVu Sans.
4418.1s 993 fig.canvas.print_figure(bytes_io, **kw)
4418.1s 994 /usr/local/lib/python3.12/dist-packages/IPython/core/pylabtools.py:151: UserWarning: Glyph 2327 (\N{DEVANAGARI LETTER GA}) missing from font(s) DejaVu Sans.
4418.1s 995 fig.canvas.print_figure(bytes_io, **kw)
4418.1s 996 /usr/local/lib/python3.12/dist-packages/IPython/core/pylabtools.py:151: UserWarning: Glyph 2305 (\N{DEVANAGARI SIGN CANDRABINDU}) missing from font(s) DejaVu Sans.
4418.1s 997 fig.canvas.print_figure(bytes_io, **kw)
4418.1s 998 /usr/local/lib/python3.12/dist-packages/IPython/core/pylabtools.py:151: UserWarning: Glyph 2326 (\N{DEVANAGARI LETTER KHA}) missing from font(s) DejaVu Sans.
4418.1s 999 fig.canvas.print_figure(bytes_io, **kw)
4418.1s 1000 /usr/local/lib/python3.12/dist-packages/IPython/core/pylabtools.py:151: UserWarning: Glyph 2335 (\N{DEVANAGARI LETTER TTA}) missing from font(s) DejaVu Sans.
4418.1s 1001 fig.canvas.print_figure(bytes_io, **kw)
4418.1s 1002 /usr/local/lib/python3.12/dist-packages/IPython/core/pylabtools.py:151: UserWarning: Glyph 2404 (\N{DEVANAGARI DANDA}) missing from font(s) DejaVu Sans.
4418.1s 1003 fig.canvas.print_figure(bytes_io, **kw)
4418.1s 1004 /usr/local/lib/python3.12/dist-packages/IPython/core/pylabtools.py:151: UserWarning: Glyph 2319 (\N{DEVANAGARI LETTER E}) missing from font(s) DejaVu Sans.
4418.1s 1005 fig.canvas.print_figure(bytes_io, **kw)
4418.1s 1006 
4418.1s 1007 /tmp/ipykernel_23/2658116302.py:26: UserWarning: Glyph 2342 (\N{DEVANAGARI LETTER DA}) missing from font(s) DejaVu Sans.
4418.1s 1008 plt.tight_layout()
4418.1s 1009 /tmp/ipykernel_23/2658116302.py:26: UserWarning: Matplotlib currently does not support Devanagari natively.
4418.1s 1010 plt.tight_layout()
4418.1s 1011 /tmp/ipykernel_23/2658116302.py:26: UserWarning: Glyph 2375 (\N{DEVANAGARI VOWEL SIGN E}) missing from font(s) DejaVu Sans.
4418.1s 1012 plt.tight_layout()
4418.1s 1013 /tmp/ipykernel_23/2658116302.py:26: UserWarning: Glyph 2358 (\N{DEVANAGARI LETTER SHA}) missing from font(s) DejaVu Sans.
4418.1s 1014 plt.tight_layout()
4418.1s 1015 /tmp/ipykernel_23/2658116302.py:26: UserWarning: Glyph 2348 (\N{DEVANAGARI LETTER BA}) missing from font(s) DejaVu Sans.
4418.1s 1016 plt.tight_layout()
4418.1s 1017 /tmp/ipykernel_23/2658116302.py:26: UserWarning: Glyph 2344 (\N{DEVANAGARI LETTER NA}) missing from font(s) DejaVu Sans.
4418.1s 1018 plt.tight_layout()
4418.1s 1019 /tmp/ipykernel_23/2658116302.py:26: UserWarning: Glyph 2366 (\N{DEVANAGARI VOWEL SIGN AA}) missing from font(s) DejaVu Sans.
4418.1s 1020 plt.tight_layout()
4418.1s 1021 /tmp/ipykernel_23/2658116302.py:26: UserWarning: Glyph 2313 (\N{DEVANAGARI LETTER U}) missing from font(s) DejaVu Sans.
4418.1s 1022 plt.tight_layout()
4418.1s 1023 /tmp/ipykernel_23/2658116302.py:26: UserWarning: Glyph 2346 (\N{DEVANAGARI LETTER PA}) missing from font(s) DejaVu Sans.
4418.1s 1024 plt.tight_layout()
4418.1s 1025 /tmp/ipykernel_23/2658116302.py:26: UserWarning: Glyph 2334 (\N{DEVANAGARI LETTER NYA}) missing from font(s) DejaVu Sans.
4418.1s 1026 plt.tight_layout()
4418.1s 1027 /tmp/ipykernel_23/2658116302.py:26: UserWarning: Glyph 2381 (\N{DEVANAGARI SIGN VIRAMA}) missing from font(s) DejaVu Sans.
4418.1s 1028 plt.tight_layout()
4418.1s 1029 /tmp/ipykernel_23/2658116302.py:26: UserWarning: Glyph 2330 (\N{DEVANAGARI LETTER CA}) missing from font(s) DejaVu Sans.
4418.1s 1030 plt.tight_layout()
4418.1s 1031 /tmp/ipykernel_23/2658116302.py:26: UserWarning: Glyph 2361 (\N{DEVANAGARI LETTER HA}) missing from font(s) DejaVu Sans.
4418.1s 1032 plt.tight_layout()
4418.1s 1033 /tmp/ipykernel_23/2658116302.py:26: UserWarning: Glyph 2352 (\N{DEVANAGARI LETTER RA}) missing from font(s) DejaVu Sans.
4418.1s 1034 plt.tight_layout()
4418.1s 1035 /tmp/ipykernel_23/2658116302.py:26: UserWarning: Glyph 2370 (\N{DEVANAGARI VOWEL SIGN UU}) missing from font(s) DejaVu Sans.
4418.1s 1036 plt.tight_layout()
4418.1s 1037 /tmp/ipykernel_23/2658116302.py:26: UserWarning: Glyph 2354 (\N{DEVANAGARI LETTER LA}) missing from font(s) DejaVu Sans.
4418.1s 1038 plt.tight_layout()
4418.1s 1039 /tmp/ipykernel_23/2658116302.py:26: UserWarning: Glyph 2360 (\N{DEVANAGARI LETTER SA}) missing from font(s) DejaVu Sans.
4418.1s 1040 plt.tight_layout()
4418.1s 1041 /tmp/ipykernel_23/2658116302.py:26: UserWarning: Glyph 2325 (\N{DEVANAGARI LETTER KA}) missing from font(s) DejaVu Sans.
4418.1s 1042 plt.tight_layout()
4418.1s 1043 /tmp/ipykernel_23/2658116302.py:26: UserWarning: Glyph 2376 (\N{DEVANAGARI VOWEL SIGN AI}) missing from font(s) DejaVu Sans.
4418.1s 1044 plt.tight_layout()
4418.1s 1045 /tmp/ipykernel_23/2658116302.py:26: UserWarning: Glyph 2350 (\N{DEVANAGARI LETTER MA}) missing from font(s) DejaVu Sans.
4418.1s 1046 plt.tight_layout()
4418.1s 1047 /tmp/ipykernel_23/2658116302.py:26: UserWarning: Glyph 2368 (\N{DEVANAGARI VOWEL SIGN II}) missing from font(s) DejaVu Sans.
4418.1s 1048 plt.tight_layout()
4418.1s 1049 /tmp/ipykernel_23/2658116302.py:26: UserWarning: Glyph 2340 (\N{DEVANAGARI LETTER TA}) missing from font(s) DejaVu Sans.
4418.1s 1050 plt.tight_layout()
4418.1s 1051 /tmp/ipykernel_23/2658116302.py:26: UserWarning: Glyph 2331 (\N{DEVANAGARI LETTER CHA}) missing from font(s) DejaVu Sans.
4418.1s 1052 plt.tight_layout()
4418.1s 1053 /tmp/ipykernel_23/2658116302.py:26: UserWarning: Glyph 2380 (\N{DEVANAGARI VOWEL SIGN AU}) missing from font(s) DejaVu Sans.
4418.1s 1054 plt.tight_layout()
4418.1s 1055 /tmp/ipykernel_23/2658116302.py:26: UserWarning: Glyph 2306 (\N{DEVANAGARI SIGN ANUSVARA}) missing from font(s) DejaVu Sans.
4418.1s 1056 plt.tight_layout()
4418.1s 1057 /tmp/ipykernel_23/2658116302.py:26: UserWarning: Glyph 2349 (\N{DEVANAGARI LETTER BHA}) missing from font(s) DejaVu Sans.
4418.1s 1058 plt.tight_layout()
4418.1s 1059 /tmp/ipykernel_23/2658116302.py:26: UserWarning: Glyph 2309 (\N{DEVANAGARI LETTER A}) missing from font(s) DejaVu Sans.
4418.1s 1060 plt.tight_layout()
4418.1s 1061 /tmp/ipykernel_23/2658116302.py:26: UserWarning: Glyph 2369 (\N{DEVANAGARI VOWEL SIGN U}) missing from font(s) DejaVu Sans.
4418.1s 1062 plt.tight_layout()
4418.1s 1063 /tmp/ipykernel_23/2658116302.py:26: UserWarning: Glyph 2367 (\N{DEVANAGARI VOWEL SIGN I}) missing from font(s) DejaVu Sans.
4418.1s 1064 plt.tight_layout()
4418.1s 1065 /tmp/ipykernel_23/2658116302.py:26: UserWarning: Glyph 2341 (\N{DEVANAGARI LETTER THA}) missing from font(s) DejaVu Sans.
4418.1s 1066 plt.tight_layout()
4418.1s 1067 /tmp/ipykernel_23/2658116302.py:26: UserWarning: Glyph 2351 (\N{DEVANAGARI LETTER YA}) missing from font(s) DejaVu Sans.
4418.1s 1068 plt.tight_layout()
4418.1s 1069 /tmp/ipykernel_23/2658116302.py:26: UserWarning: Glyph 2379 (\N{DEVANAGARI VOWEL SIGN O}) missing from font(s) DejaVu Sans.
4418.1s 1070 plt.tight_layout()
4418.1s 1071 /tmp/ipykernel_23/2658116302.py:26: UserWarning: Glyph 2357 (\N{DEVANAGARI LETTER VA}) missing from font(s) DejaVu Sans.
4418.1s 1072 plt.tight_layout()
4418.1s 1073 /tmp/ipykernel_23/2658116302.py:26: UserWarning: Glyph 2332 (\N{DEVANAGARI LETTER JA}) missing from font(s) DejaVu Sans.
4418.1s 1074 plt.tight_layout()
4418.1s 1075 /tmp/ipykernel_23/2658116302.py:26: UserWarning: Glyph 2339 (\N{DEVANAGARI LETTER NNA}) missing from font(s) DejaVu Sans.
4418.1s 1076 plt.tight_layout()
4418.1s 1077 /tmp/ipykernel_23/2658116302.py:26: UserWarning: Glyph 2327 (\N{DEVANAGARI LETTER GA}) missing from font(s) DejaVu Sans.
4418.1s 1078 plt.tight_layout()
4418.1s 1079 /tmp/ipykernel_23/2658116302.py:26: UserWarning: Glyph 2305 (\N{DEVANAGARI SIGN CANDRABINDU}) missing from font(s) DejaVu Sans.
4418.1s 1080 plt.tight_layout()
4418.1s 1081 /tmp/ipykernel_23/2658116302.py:26: UserWarning: Glyph 2326 (\N{DEVANAGARI LETTER KHA}) missing from font(s) DejaVu Sans.
4418.1s 1082 plt.tight_layout()
4418.1s 1083 /tmp/ipykernel_23/2658116302.py:26: UserWarning: Glyph 2335 (\N{DEVANAGARI LETTER TTA}) missing from font(s) DejaVu Sans.
4418.1s 1084 plt.tight_layout()
4418.1s 1085 /tmp/ipykernel_23/2658116302.py:26: UserWarning: Glyph 2404 (\N{DEVANAGARI DANDA}) missing from font(s) DejaVu Sans.
4418.1s 1086 plt.tight_layout()
4418.1s 1087 /tmp/ipykernel_23/2658116302.py:26: UserWarning: Glyph 2319 (\N{DEVANAGARI LETTER E}) missing from font(s) DejaVu Sans.
4418.1s 1088 plt.tight_layout()
4418.1s 1089 /usr/local/lib/python3.12/dist-packages/IPython/core/pylabtools.py:151: UserWarning: Glyph 2342 (\N{DEVANAGARI LETTER DA}) missing from font(s) DejaVu Sans.
4418.1s 1090 fig.canvas.print_figure(bytes_io, **kw)
4418.1s 1091 /usr/local/lib/python3.12/dist-packages/IPython/core/pylabtools.py:151: UserWarning: Matplotlib currently does not support Devanagari natively.
4418.1s 1092 fig.canvas.print_figure(bytes_io, **kw)
4418.1s 1093 /usr/local/lib/python3.12/dist-packages/IPython/core/pylabtools.py:151: UserWarning: Glyph 2375 (\N{DEVANAGARI VOWEL SIGN E}) missing from font(s) DejaVu Sans.
4418.1s 1094 fig.canvas.print_figure(bytes_io, **kw)
4418.1s 1095 /usr/local/lib/python3.12/dist-packages/IPython/core/pylabtools.py:151: UserWarning: Glyph 2358 (\N{DEVANAGARI LETTER SHA}) missing from font(s) DejaVu Sans.
4418.1s 1096 fig.canvas.print_figure(bytes_io, **kw)
4418.1s 1097 /usr/local/lib/python3.12/dist-packages/IPython/core/pylabtools.py:151: UserWarning: Glyph 2348 (\N{DEVANAGARI LETTER BA}) missing from font(s) DejaVu Sans.
4418.1s 1098 fig.canvas.print_figure(bytes_io, **kw)
4418.1s 1099 /usr/local/lib/python3.12/dist-packages/IPython/core/pylabtools.py:151: UserWarning: Glyph 2344 (\N{DEVANAGARI LETTER NA}) missing from font(s) DejaVu Sans.
4418.1s 1100 fig.canvas.print_figure(bytes_io, **kw)
4418.1s 1101 /usr/local/lib/python3.12/dist-packages/IPython/core/pylabtools.py:151: UserWarning: Glyph 2366 (\N{DEVANAGARI VOWEL SIGN AA}) missing from font(s) DejaVu Sans.
4418.1s 1102 fig.canvas.print_figure(bytes_io, **kw)
4418.1s 1103 /usr/local/lib/python3.12/dist-packages/IPython/core/pylabtools.py:151: UserWarning: Glyph 2313 (\N{DEVANAGARI LETTER U}) missing from font(s) DejaVu Sans.
4418.1s 1104 fig.canvas.print_figure(bytes_io, **kw)
4418.1s 1105 /usr/local/lib/python3.12/dist-packages/IPython/core/pylabtools.py:151: UserWarning: Glyph 2346 (\N{DEVANAGARI LETTER PA}) missing from font(s) DejaVu Sans.
4418.1s 1106 fig.canvas.print_figure(bytes_io, **kw)
4418.1s 1107 /usr/local/lib/python3.12/dist-packages/IPython/core/pylabtools.py:151: UserWarning: Glyph 2334 (\N{DEVANAGARI LETTER NYA}) missing from font(s) DejaVu Sans.
4418.1s 1108 fig.canvas.print_figure(bytes_io, **kw)
4418.1s 1109 /usr/local/lib/python3.12/dist-packages/IPython/core/pylabtools.py:151: UserWarning: Glyph 2381 (\N{DEVANAGARI SIGN VIRAMA}) missing from font(s) DejaVu Sans.
4418.1s 1110 fig.canvas.print_figure(bytes_io, **kw)
4418.1s 1111 /usr/local/lib/python3.12/dist-packages/IPython/core/pylabtools.py:151: UserWarning: Glyph 2330 (\N{DEVANAGARI LETTER CA}) missing from font(s) DejaVu Sans.
4418.1s 1112 fig.canvas.print_figure(bytes_io, **kw)
4418.1s 1113 /usr/local/lib/python3.12/dist-packages/IPython/core/pylabtools.py:151: UserWarning: Glyph 2361 (\N{DEVANAGARI LETTER HA}) missing from font(s) DejaVu Sans.
4418.1s 1114 fig.canvas.print_figure(bytes_io, **kw)
4418.1s 1115 /usr/local/lib/python3.12/dist-packages/IPython/core/pylabtools.py:151: UserWarning: Glyph 2352 (\N{DEVANAGARI LETTER RA}) missing from font(s) DejaVu Sans.
4418.1s 1116 fig.canvas.print_figure(bytes_io, **kw)
4418.1s 1117 /usr/local/lib/python3.12/dist-packages/IPython/core/pylabtools.py:151: UserWarning: Glyph 2370 (\N{DEVANAGARI VOWEL SIGN UU}) missing from font(s) DejaVu Sans.
4418.1s 1118 fig.canvas.print_figure(bytes_io, **kw)
4418.1s 1119 /usr/local/lib/python3.12/dist-packages/IPython/core/pylabtools.py:151: UserWarning: Glyph 2354 (\N{DEVANAGARI LETTER LA}) missing from font(s) DejaVu Sans.
4418.1s 1120 fig.canvas.print_figure(bytes_io, **kw)
4418.1s 1121 /usr/local/lib/python3.12/dist-packages/IPython/core/pylabtools.py:151: UserWarning: Glyph 2360 (\N{DEVANAGARI LETTER SA}) missing from font(s) DejaVu Sans.
4418.1s 1122 fig.canvas.print_figure(bytes_io, **kw)
4418.1s 1123 /usr/local/lib/python3.12/dist-packages/IPython/core/pylabtools.py:151: UserWarning: Glyph 2325 (\N{DEVANAGARI LETTER KA}) missing from font(s) DejaVu Sans.
4418.1s 1124 fig.canvas.print_figure(bytes_io, **kw)
4418.1s 1125 /usr/local/lib/python3.12/dist-packages/IPython/core/pylabtools.py:151: UserWarning: Glyph 2376 (\N{DEVANAGARI VOWEL SIGN AI}) missing from font(s) DejaVu Sans.
4418.1s 1126 fig.canvas.print_figure(bytes_io, **kw)
4418.1s 1127 /usr/local/lib/python3.12/dist-packages/IPython/core/pylabtools.py:151: UserWarning: Glyph 2350 (\N{DEVANAGARI LETTER MA}) missing from font(s) DejaVu Sans.
4418.1s 1128 fig.canvas.print_figure(bytes_io, **kw)
4418.1s 1129 /usr/local/lib/python3.12/dist-packages/IPython/core/pylabtools.py:151: UserWarning: Glyph 2368 (\N{DEVANAGARI VOWEL SIGN II}) missing from font(s) DejaVu Sans.
4418.1s 1130 fig.canvas.print_figure(bytes_io, **kw)
4418.1s 1131 /usr/local/lib/python3.12/dist-packages/IPython/core/pylabtools.py:151: UserWarning: Glyph 2340 (\N{DEVANAGARI LETTER TA}) missing from font(s) DejaVu Sans.
4418.1s 1132 fig.canvas.print_figure(bytes_io, **kw)
4418.1s 1133 /usr/local/lib/python3.12/dist-packages/IPython/core/pylabtools.py:151: UserWarning: Glyph 2331 (\N{DEVANAGARI LETTER CHA}) missing from font(s) DejaVu Sans.
4418.1s 1134 fig.canvas.print_figure(bytes_io, **kw)
4418.1s 1135 /usr/local/lib/python3.12/dist-packages/IPython/core/pylabtools.py:151: UserWarning: Glyph 2380 (\N{DEVANAGARI VOWEL SIGN AU}) missing from font(s) DejaVu Sans.
4418.1s 1136 fig.canvas.print_figure(bytes_io, **kw)
4418.1s 1137 /usr/local/lib/python3.12/dist-packages/IPython/core/pylabtools.py:151: UserWarning: Glyph 2306 (\N{DEVANAGARI SIGN ANUSVARA}) missing from font(s) DejaVu Sans.
4418.1s 1138 fig.canvas.print_figure(bytes_io, **kw)
4418.1s 1139 /usr/local/lib/python3.12/dist-packages/IPython/core/pylabtools.py:151: UserWarning: Glyph 2349 (\N{DEVANAGARI LETTER BHA}) missing from font(s) DejaVu Sans.
4418.1s 1140 fig.canvas.print_figure(bytes_io, **kw)
4418.1s 1141 /usr/local/lib/python3.12/dist-packages/IPython/core/pylabtools.py:151: UserWarning: Glyph 2309 (\N{DEVANAGARI LETTER A}) missing from font(s) DejaVu Sans.
4418.1s 1142 fig.canvas.print_figure(bytes_io, **kw)
4418.1s 1143 /usr/local/lib/python3.12/dist-packages/IPython/core/pylabtools.py:151: UserWarning: Glyph 2369 (\N{DEVANAGARI VOWEL SIGN U}) missing from font(s) DejaVu Sans.
4418.1s 1144 fig.canvas.print_figure(bytes_io, **kw)
4418.1s 1145 /usr/local/lib/python3.12/dist-packages/IPython/core/pylabtools.py:151: UserWarning: Glyph 2367 (\N{DEVANAGARI VOWEL SIGN I}) missing from font(s) DejaVu Sans.
4418.1s 1146 fig.canvas.print_figure(bytes_io, **kw)
4418.1s 1147 /usr/local/lib/python3.12/dist-packages/IPython/core/pylabtools.py:151: UserWarning: Glyph 2341 (\N{DEVANAGARI LETTER THA}) missing from font(s) DejaVu Sans.
4418.1s 1148 fig.canvas.print_figure(bytes_io, **kw)
4418.1s 1149 /usr/local/lib/python3.12/dist-packages/IPython/core/pylabtools.py:151: UserWarning: Glyph 2351 (\N{DEVANAGARI LETTER YA}) missing from font(s) DejaVu Sans.
4418.1s 1150 fig.canvas.print_figure(bytes_io, **kw)
4418.1s 1151 /usr/local/lib/python3.12/dist-packages/IPython/core/pylabtools.py:151: UserWarning: Glyph 2379 (\N{DEVANAGARI VOWEL SIGN O}) missing from font(s) DejaVu Sans.
4418.1s 1152 fig.canvas.print_figure(bytes_io, **kw)
4418.1s 1153 /usr/local/lib/python3.12/dist-packages/IPython/core/pylabtools.py:151: UserWarning: Glyph 2357 (\N{DEVANAGARI LETTER VA}) missing from font(s) DejaVu Sans.
4418.1s 1154 fig.canvas.print_figure(bytes_io, **kw)
4418.1s 1155 /usr/local/lib/python3.12/dist-packages/IPython/core/pylabtools.py:151: UserWarning: Glyph 2332 (\N{DEVANAGARI LETTER JA}) missing from font(s) DejaVu Sans.
4418.1s 1156 fig.canvas.print_figure(bytes_io, **kw)
4418.1s 1157 /usr/local/lib/python3.12/dist-packages/IPython/core/pylabtools.py:151: UserWarning: Glyph 2339 (\N{DEVANAGARI LETTER NNA}) missing from font(s) DejaVu Sans.
4418.1s 1158 fig.canvas.print_figure(bytes_io, **kw)
4418.1s 1159 /usr/local/lib/python3.12/dist-packages/IPython/core/pylabtools.py:151: UserWarning: Glyph 2327 (\N{DEVANAGARI LETTER GA}) missing from font(s) DejaVu Sans.
4418.1s 1160 fig.canvas.print_figure(bytes_io, **kw)
4418.1s 1161 /usr/local/lib/python3.12/dist-packages/IPython/core/pylabtools.py:151: UserWarning: Glyph 2305 (\N{DEVANAGARI SIGN CANDRABINDU}) missing from font(s) DejaVu Sans.
4418.1s 1162 fig.canvas.print_figure(bytes_io, **kw)
4418.1s 1163 /usr/local/lib/python3.12/dist-packages/IPython/core/pylabtools.py:151: UserWarning: Glyph 2326 (\N{DEVANAGARI LETTER KHA}) missing from font(s) DejaVu Sans.
4418.1s 1164 fig.canvas.print_figure(bytes_io, **kw)
4418.1s 1165 /usr/local/lib/python3.12/dist-packages/IPython/core/pylabtools.py:151: UserWarning: Glyph 2335 (\N{DEVANAGARI LETTER TTA}) missing from font(s) DejaVu Sans.
4418.1s 1166 fig.canvas.print_figure(bytes_io, **kw)
4418.1s 1167 /usr/local/lib/python3.12/dist-packages/IPython/core/pylabtools.py:151: UserWarning: Glyph 2404 (\N{DEVANAGARI DANDA}) missing from font(s) DejaVu Sans.
4418.1s 1168 fig.canvas.print_figure(bytes_io, **kw)
4418.1s 1169 /usr/local/lib/python3.12/dist-packages/IPython/core/pylabtools.py:151: UserWarning: Glyph 2319 (\N{DEVANAGARI LETTER E}) missing from font(s) DejaVu Sans.
4418.1s 1170 fig.canvas.print_figure(bytes_io, **kw)
4418.5s 1171 /tmp/ipykernel_23/2658116302.py:26: UserWarning: Glyph 2342 (\N{DEVANAGARI LETTER DA}) missing from font(s) DejaVu Sans.
4418.5s 1172 plt.tight_layout()
4418.5s 1173 /tmp/ipykernel_23/2658116302.py:26: UserWarning: Matplotlib currently does not support Devanagari natively.
4418.5s 1174 plt.tight_layout()
4418.5s 1175 /tmp/ipykernel_23/2658116302.py:26: UserWarning: Glyph 2375 (\N{DEVANAGARI VOWEL SIGN E}) missing from font(s) DejaVu Sans.
4418.5s 1176 plt.tight_layout()
4418.5s 1177 /tmp/ipykernel_23/2658116302.py:26: UserWarning: Glyph 2358 (\N{DEVANAGARI LETTER SHA}) missing from font(s) DejaVu Sans.
4418.5s 1178 plt.tight_layout()
4418.5s 1179 /tmp/ipykernel_23/2658116302.py:26: UserWarning: Glyph 2348 (\N{DEVANAGARI LETTER BA}) missing from font(s) DejaVu Sans.
4418.5s 1180 plt.tight_layout()
4418.5s 1181 /tmp/ipykernel_23/2658116302.py:26: UserWarning: Glyph 2344 (\N{DEVANAGARI LETTER NA}) missing from font(s) DejaVu Sans.
4418.5s 1182 plt.tight_layout()
4418.5s 1183 /tmp/ipykernel_23/2658116302.py:26: UserWarning: Glyph 2366 (\N{DEVANAGARI VOWEL SIGN AA}) missing from font(s) DejaVu Sans.
4418.5s 1184 plt.tight_layout()
4418.5s 1185 /tmp/ipykernel_23/2658116302.py:26: UserWarning: Glyph 2313 (\N{DEVANAGARI LETTER U}) missing from font(s) DejaVu Sans.
4418.5s 1186 plt.tight_layout()
4418.5s 1187 /tmp/ipykernel_23/2658116302.py:26: UserWarning: Glyph 2346 (\N{DEVANAGARI LETTER PA}) missing from font(s) DejaVu Sans.
4418.5s 1188 plt.tight_layout()
4418.5s 1189 /tmp/ipykernel_23/2658116302.py:26: UserWarning: Glyph 2334 (\N{DEVANAGARI LETTER NYA}) missing from font(s) DejaVu Sans.
4418.5s 1190 plt.tight_layout()
4418.5s 1191 /tmp/ipykernel_23/2658116302.py:26: UserWarning: Glyph 2381 (\N{DEVANAGARI SIGN VIRAMA}) missing from font(s) DejaVu Sans.
4418.5s 1192 plt.tight_layout()
4418.5s 1193 /tmp/ipykernel_23/2658116302.py:26: UserWarning: Glyph 2330 (\N{DEVANAGARI LETTER CA}) missing from font(s) DejaVu Sans.
4418.5s 1194 plt.tight_layout()
4418.5s 1195 /tmp/ipykernel_23/2658116302.py:26: UserWarning: Glyph 2361 (\N{DEVANAGARI LETTER HA}) missing from font(s) DejaVu Sans.
4418.5s 1196 plt.tight_layout()
4418.5s 1197 /tmp/ipykernel_23/2658116302.py:26: UserWarning: Glyph 2352 (\N{DEVANAGARI LETTER RA}) missing from font(s) DejaVu Sans.
4418.5s 1198 plt.tight_layout()
4418.5s 1199 /tmp/ipykernel_23/2658116302.py:26: UserWarning: Glyph 2370 (\N{DEVANAGARI VOWEL SIGN UU}) missing from font(s) DejaVu Sans.
4418.5s 1200 plt.tight_layout()
4418.5s 1201 /tmp/ipykernel_23/2658116302.py:26: UserWarning: Glyph 2354 (\N{DEVANAGARI LETTER LA}) missing from font(s) DejaVu Sans.
4418.5s 1202 plt.tight_layout()
4418.5s 1203 /tmp/ipykernel_23/2658116302.py:26: UserWarning: Glyph 2360 (\N{DEVANAGARI LETTER SA}) missing from font(s) DejaVu Sans.
4418.5s 1204 plt.tight_layout()
4418.5s 1205 /tmp/ipykernel_23/2658116302.py:26: UserWarning: Glyph 2325 (\N{DEVANAGARI LETTER KA}) missing from font(s) DejaVu Sans.
4418.5s 1206 plt.tight_layout()
4418.5s 1207 /tmp/ipykernel_23/2658116302.py:26: UserWarning: Glyph 2376 (\N{DEVANAGARI VOWEL SIGN AI}) missing from font(s) DejaVu Sans.
4418.5s 1208 plt.tight_layout()
4418.5s 1209 /tmp/ipykernel_23/2658116302.py:26: UserWarning: Glyph 2350 (\N{DEVANAGARI LETTER MA}) missing from font(s) DejaVu Sans.
4418.5s 1210 plt.tight_layout()
4418.5s 1211 /tmp/ipykernel_23/2658116302.py:26: UserWarning: Glyph 2368 (\N{DEVANAGARI VOWEL SIGN II}) missing from font(s) DejaVu Sans.
4418.5s 1212 plt.tight_layout()
4418.5s 1213 /tmp/ipykernel_23/2658116302.py:26: UserWarning: Glyph 2340 (\N{DEVANAGARI LETTER TA}) missing from font(s) DejaVu Sans.
4418.5s 1214 plt.tight_layout()
4418.5s 1215 /tmp/ipykernel_23/2658116302.py:26: UserWarning: Glyph 2331 (\N{DEVANAGARI LETTER CHA}) missing from font(s) DejaVu Sans.
4418.5s 1216 plt.tight_layout()
4418.5s 1217 /tmp/ipykernel_23/2658116302.py:26: UserWarning: Glyph 2380 (\N{DEVANAGARI VOWEL SIGN AU}) missing from font(s) DejaVu Sans.
4418.5s 1218 plt.tight_layout()
4418.5s 1219 /tmp/ipykernel_23/2658116302.py:26: UserWarning: Glyph 2306 (\N{DEVANAGARI SIGN ANUSVARA}) missing from font(s) DejaVu Sans.
4418.5s 1220 plt.tight_layout()
4418.5s 1221 /tmp/ipykernel_23/2658116302.py:26: UserWarning: Glyph 2349 (\N{DEVANAGARI LETTER BHA}) missing from font(s) DejaVu Sans.
4418.5s 1222 plt.tight_layout()
4418.5s 1223 /tmp/ipykernel_23/2658116302.py:26: UserWarning: Glyph 2309 (\N{DEVANAGARI LETTER A}) missing from font(s) DejaVu Sans.
4418.5s 1224 plt.tight_layout()
4418.5s 1225 /tmp/ipykernel_23/2658116302.py:26: UserWarning: Glyph 2369 (\N{DEVANAGARI VOWEL SIGN U}) missing from font(s) DejaVu Sans.
4418.5s 1226 plt.tight_layout()
4418.5s 1227 /tmp/ipykernel_23/2658116302.py:26: UserWarning: Glyph 2367 (\N{DEVANAGARI VOWEL SIGN I}) missing from font(s) DejaVu Sans.
4418.5s 1228 plt.tight_layout()
4418.5s 1229 /tmp/ipykernel_23/2658116302.py:26: UserWarning: Glyph 2341 (\N{DEVANAGARI LETTER THA}) missing from font(s) DejaVu Sans.
4418.5s 1230 plt.tight_layout()
4418.5s 1231 /tmp/ipykernel_23/2658116302.py:26: UserWarning: Glyph 2351 (\N{DEVANAGARI LETTER YA}) missing from font(s) DejaVu Sans.
4418.5s 1232 plt.tight_layout()
4418.5s 1233 /tmp/ipykernel_23/2658116302.py:26: UserWarning: Glyph 2379 (\N{DEVANAGARI VOWEL SIGN O}) missing from font(s) DejaVu Sans.
4418.5s 1234 plt.tight_layout()
4418.5s 1235 /tmp/ipykernel_23/2658116302.py:26: UserWarning: Glyph 2357 (\N{DEVANAGARI LETTER VA}) missing from font(s) DejaVu Sans.
4418.5s 1236 plt.tight_layout()
4418.5s 1237 /tmp/ipykernel_23/2658116302.py:26: UserWarning: Glyph 2332 (\N{DEVANAGARI LETTER JA}) missing from font(s) DejaVu Sans.
4418.5s 1238 plt.tight_layout()
4418.5s 1239 /tmp/ipykernel_23/2658116302.py:26: UserWarning: Glyph 2339 (\N{DEVANAGARI LETTER NNA}) missing from font(s) DejaVu Sans.
4418.5s 1240 plt.tight_layout()
4418.5s 1241 /tmp/ipykernel_23/2658116302.py:26: UserWarning: Glyph 2327 (\N{DEVANAGARI LETTER GA}) missing from font(s) DejaVu Sans.
4418.5s 1242 plt.tight_layout()
4418.5s 1243 /tmp/ipykernel_23/2658116302.py:26: UserWarning: Glyph 2305 (\N{DEVANAGARI SIGN CANDRABINDU}) missing from font(s) DejaVu Sans.
4418.5s 1244 plt.tight_layout()
4418.5s 1245 /tmp/ipykernel_23/2658116302.py:26: UserWarning: Glyph 2326 (\N{DEVANAGARI LETTER KHA}) missing from font(s) DejaVu Sans.
4418.5s 1246 plt.tight_layout()
4418.5s 1247 /tmp/ipykernel_23/2658116302.py:26: UserWarning: Glyph 2335 (\N{DEVANAGARI LETTER TTA}) missing from font(s) DejaVu Sans.
4418.5s 1248 plt.tight_layout()
4418.5s 1249 /tmp/ipykernel_23/2658116302.py:26: UserWarning: Glyph 2404 (\N{DEVANAGARI DANDA}) missing from font(s) DejaVu Sans.
4418.5s 1250 plt.tight_layout()
4418.5s 1251 /tmp/ipykernel_23/2658116302.py:26: UserWarning: Glyph 2319 (\N{DEVANAGARI LETTER E}) missing from font(s) DejaVu Sans.
4418.5s 1252 plt.tight_layout()
4418.5s 1253 /usr/local/lib/python3.12/dist-packages/IPython/core/pylabtools.py:151: UserWarning: Glyph 2342 (\N{DEVANAGARI LETTER DA}) missing from font(s) DejaVu Sans.
4418.5s 1254 fig.canvas.print_figure(bytes_io, **kw)
4418.5s 1255 /usr/local/lib/python3.12/dist-packages/IPython/core/pylabtools.py:151: UserWarning: Matplotlib currently does not support Devanagari natively.
4418.5s 1256 fig.canvas.print_figure(bytes_io, **kw)
4418.5s 1257 /usr/local/lib/python3.12/dist-packages/IPython/core/pylabtools.py:151: UserWarning: Glyph 2375 (\N{DEVANAGARI VOWEL SIGN E}) missing from font(s) DejaVu Sans.
4418.5s 1258 fig.canvas.print_figure(bytes_io, **kw)
4418.5s 1259 /usr/local/lib/python3.12/dist-packages/IPython/core/pylabtools.py:151: UserWarning: Glyph 2358 (\N{DEVANAGARI LETTER SHA}) missing from font(s) DejaVu Sans.
4418.5s 1260 fig.canvas.print_figure(bytes_io, **kw)
4418.5s 1261 /usr/local/lib/python3.12/dist-packages/IPython/core/pylabtools.py:151: UserWarning: Glyph 2348 (\N{DEVANAGARI LETTER BA}) missing from font(s) DejaVu Sans.
4418.5s 1262 fig.canvas.print_figure(bytes_io, **kw)
4418.5s 1263 /usr/local/lib/python3.12/dist-packages/IPython/core/pylabtools.py:151: UserWarning: Glyph 2344 (\N{DEVANAGARI LETTER NA}) missing from font(s) DejaVu Sans.
4418.5s 1264 fig.canvas.print_figure(bytes_io, **kw)
4418.5s 1265 /usr/local/lib/python3.12/dist-packages/IPython/core/pylabtools.py:151: UserWarning: Glyph 2366 (\N{DEVANAGARI VOWEL SIGN AA}) missing from font(s) DejaVu Sans.
4418.5s 1266 fig.canvas.print_figure(bytes_io, **kw)
4418.5s 1267 /usr/local/lib/python3.12/dist-packages/IPython/core/pylabtools.py:151: UserWarning: Glyph 2313 (\N{DEVANAGARI LETTER U}) missing from font(s) DejaVu Sans.
4418.5s 1268 fig.canvas.print_figure(bytes_io, **kw)
4418.5s 1269 /usr/local/lib/python3.12/dist-packages/IPython/core/pylabtools.py:151: UserWarning: Glyph 2346 (\N{DEVANAGARI LETTER PA}) missing from font(s) DejaVu Sans.
4418.5s 1270 fig.canvas.print_figure(bytes_io, **kw)
4418.5s 1271 /usr/local/lib/python3.12/dist-packages/IPython/core/pylabtools.py:151: UserWarning: Glyph 2334 (\N{DEVANAGARI LETTER NYA}) missing from font(s) DejaVu Sans.
4418.5s 1272 fig.canvas.print_figure(bytes_io, **kw)
4418.5s 1273 /usr/local/lib/python3.12/dist-packages/IPython/core/pylabtools.py:151: UserWarning: Glyph 2381 (\N{DEVANAGARI SIGN VIRAMA}) missing from font(s) DejaVu Sans.
4418.5s 1274 fig.canvas.print_figure(bytes_io, **kw)
4418.5s 1275 /usr/local/lib/python3.12/dist-packages/IPython/core/pylabtools.py:151: UserWarning: Glyph 2330 (\N{DEVANAGARI LETTER CA}) missing from font(s) DejaVu Sans.
4418.5s 1276 fig.canvas.print_figure(bytes_io, **kw)
4418.5s 1277 /usr/local/lib/python3.12/dist-packages/IPython/core/pylabtools.py:151: UserWarning: Glyph 2361 (\N{DEVANAGARI LETTER HA}) missing from font(s) DejaVu Sans.
4418.5s 1278 fig.canvas.print_figure(bytes_io, **kw)
4418.5s 1279 /usr/local/lib/python3.12/dist-packages/IPython/core/pylabtools.py:151: UserWarning: Glyph 2352 (\N{DEVANAGARI LETTER RA}) missing from font(s) DejaVu Sans.
4418.5s 1280 fig.canvas.print_figure(bytes_io, **kw)
4418.5s 1281 /usr/local/lib/python3.12/dist-packages/IPython/core/pylabtools.py:151: UserWarning: Glyph 2370 (\N{DEVANAGARI VOWEL SIGN UU}) missing from font(s) DejaVu Sans.
4418.5s 1282 fig.canvas.print_figure(bytes_io, **kw)
4418.5s 1283 /usr/local/lib/python3.12/dist-packages/IPython/core/pylabtools.py:151: UserWarning: Glyph 2354 (\N{DEVANAGARI LETTER LA}) missing from font(s) DejaVu Sans.
4418.5s 1284 fig.canvas.print_figure(bytes_io, **kw)
4418.5s 1285 /usr/local/lib/python3.12/dist-packages/IPython/core/pylabtools.py:151: UserWarning: Glyph 2360 (\N{DEVANAGARI LETTER SA}) missing from font(s) DejaVu Sans.
4418.5s 1286 fig.canvas.print_figure(bytes_io, **kw)
4418.5s 1287 /usr/local/lib/python3.12/dist-packages/IPython/core/pylabtools.py:151: UserWarning: Glyph 2325 (\N{DEVANAGARI LETTER KA}) missing from font(s) DejaVu Sans.
4418.5s 1288 fig.canvas.print_figure(bytes_io, **kw)
4418.5s 1289 /usr/local/lib/python3.12/dist-packages/IPython/core/pylabtools.py:151: UserWarning: Glyph 2376 (\N{DEVANAGARI VOWEL SIGN AI}) missing from font(s) DejaVu Sans.
4418.5s 1290 fig.canvas.print_figure(bytes_io, **kw)
4418.5s 1291 /usr/local/lib/python3.12/dist-packages/IPython/core/pylabtools.py:151: UserWarning: Glyph 2350 (\N{DEVANAGARI LETTER MA}) missing from font(s) DejaVu Sans.
4418.5s 1292 fig.canvas.print_figure(bytes_io, **kw)
4418.5s 1293 /usr/local/lib/python3.12/dist-packages/IPython/core/pylabtools.py:151: UserWarning: Glyph 2368 (\N{DEVANAGARI VOWEL SIGN II}) missing from font(s) DejaVu Sans.
4418.5s 1294 fig.canvas.print_figure(bytes_io, **kw)
4418.5s 1295 /usr/local/lib/python3.12/dist-packages/IPython/core/pylabtools.py:151: UserWarning: Glyph 2340 (\N{DEVANAGARI LETTER TA}) missing from font(s) DejaVu Sans.
4418.5s 1296 fig.canvas.print_figure(bytes_io, **kw)
4418.5s 1297 /usr/local/lib/python3.12/dist-packages/IPython/core/pylabtools.py:151: UserWarning: Glyph 2331 (\N{DEVANAGARI LETTER CHA}) missing from font(s) DejaVu Sans.
4418.5s 1298 fig.canvas.print_figure(bytes_io, **kw)
4418.5s 1299 /usr/local/lib/python3.12/dist-packages/IPython/core/pylabtools.py:151: UserWarning: Glyph 2380 (\N{DEVANAGARI VOWEL SIGN AU}) missing from font(s) DejaVu Sans.
4418.5s 1300 fig.canvas.print_figure(bytes_io, **kw)
4418.5s 1301 /usr/local/lib/python3.12/dist-packages/IPython/core/pylabtools.py:151: UserWarning: Glyph 2306 (\N{DEVANAGARI SIGN ANUSVARA}) missing from font(s) DejaVu Sans.
4418.5s 1302 fig.canvas.print_figure(bytes_io, **kw)
4418.5s 1303 /usr/local/lib/python3.12/dist-packages/IPython/core/pylabtools.py:151: UserWarning: Glyph 2349 (\N{DEVANAGARI LETTER BHA}) missing from font(s) DejaVu Sans.
4418.5s 1304 fig.canvas.print_figure(bytes_io, **kw)
4418.5s 1305 /usr/local/lib/python3.12/dist-packages/IPython/core/pylabtools.py:151: UserWarning: Glyph 2309 (\N{DEVANAGARI LETTER A}) missing from font(s) DejaVu Sans.
4418.5s 1306 fig.canvas.print_figure(bytes_io, **kw)
4418.5s 1307 /usr/local/lib/python3.12/dist-packages/IPython/core/pylabtools.py:151: UserWarning: Glyph 2369 (\N{DEVANAGARI VOWEL SIGN U}) missing from font(s) DejaVu Sans.
4418.5s 1308 fig.canvas.print_figure(bytes_io, **kw)
4418.5s 1309 /usr/local/lib/python3.12/dist-packages/IPython/core/pylabtools.py:151: UserWarning: Glyph 2367 (\N{DEVANAGARI VOWEL SIGN I}) missing from font(s) DejaVu Sans.
4418.5s 1310 fig.canvas.print_figure(bytes_io, **kw)
4418.5s 1311 /usr/local/lib/python3.12/dist-packages/IPython/core/pylabtools.py:151: UserWarning: Glyph 2341 (\N{DEVANAGARI LETTER THA}) missing from font(s) DejaVu Sans.
4418.5s 1312 fig.canvas.print_figure(bytes_io, **kw)
4418.5s 1313 /usr/local/lib/python3.12/dist-packages/IPython/core/pylabtools.py:151: UserWarning: Glyph 2351 (\N{DEVANAGARI LETTER YA}) missing from font(s) DejaVu Sans.
4418.5s 1314 fig.canvas.print_figure(bytes_io, **kw)
4418.5s 1315 /usr/local/lib/python3.12/dist-packages/IPython/core/pylabtools.py:151: UserWarning: Glyph 2379 (\N{DEVANAGARI VOWEL SIGN O}) missing from font(s) DejaVu Sans.
4418.5s 1316 fig.canvas.print_figure(bytes_io, **kw)
4418.5s 1317 /usr/local/lib/python3.12/dist-packages/IPython/core/pylabtools.py:151: UserWarning: Glyph 2357 (\N{DEVANAGARI LETTER VA}) missing from font(s) DejaVu Sans.
4418.5s 1318 fig.canvas.print_figure(bytes_io, **kw)
4418.5s 1319 /usr/local/lib/python3.12/dist-packages/IPython/core/pylabtools.py:151: UserWarning: Glyph 2332 (\N{DEVANAGARI LETTER JA}) missing from font(s) DejaVu Sans.
4418.5s 1320 fig.canvas.print_figure(bytes_io, **kw)
4418.5s 1321 /usr/local/lib/python3.12/dist-packages/IPython/core/pylabtools.py:151: UserWarning: Glyph 2339 (\N{DEVANAGARI LETTER NNA}) missing from font(s) DejaVu Sans.
4418.5s 1322 fig.canvas.print_figure(bytes_io, **kw)
4418.5s 1323 /usr/local/lib/python3.12/dist-packages/IPython/core/pylabtools.py:151: UserWarning: Glyph 2327 (\N{DEVANAGARI LETTER GA}) missing from font(s) DejaVu Sans.
4418.5s 1324 fig.canvas.print_figure(bytes_io, **kw)
4418.5s 1325 /usr/local/lib/python3.12/dist-packages/IPython/core/pylabtools.py:151: UserWarning: Glyph 2305 (\N{DEVANAGARI SIGN CANDRABINDU}) missing from font(s) DejaVu Sans.
4418.5s 1326 fig.canvas.print_figure(bytes_io, **kw)
4418.5s 1327 /usr/local/lib/python3.12/dist-packages/IPython/core/pylabtools.py:151: UserWarning: Glyph 2326 (\N{DEVANAGARI LETTER KHA}) missing from font(s) DejaVu Sans.
4418.5s 1328 fig.canvas.print_figure(bytes_io, **kw)
4418.5s 1329 /usr/local/lib/python3.12/dist-packages/IPython/core/pylabtools.py:151: UserWarning: Glyph 2335 (\N{DEVANAGARI LETTER TTA}) missing from font(s) DejaVu Sans.
4418.5s 1330 fig.canvas.print_figure(bytes_io, **kw)
4418.5s 1331 /usr/local/lib/python3.12/dist-packages/IPython/core/pylabtools.py:151: UserWarning: Glyph 2404 (\N{DEVANAGARI DANDA}) missing from font(s) DejaVu Sans.
4418.5s 1332 fig.canvas.print_figure(bytes_io, **kw)
4418.5s 1333 /usr/local/lib/python3.12/dist-packages/IPython/core/pylabtools.py:151: UserWarning: Glyph 2319 (\N{DEVANAGARI LETTER E}) missing from font(s) DejaVu Sans.
4418.5s 1334 fig.canvas.print_figure(bytes_io, **kw)
4418.5s 1335 
4418.5s 1336 /tmp/ipykernel_23/2658116302.py:26: UserWarning: Glyph 2342 (\N{DEVANAGARI LETTER DA}) missing from font(s) DejaVu Sans.
4418.5s 1337 plt.tight_layout()
4418.5s 1338 /tmp/ipykernel_23/2658116302.py:26: UserWarning: Matplotlib currently does not support Devanagari natively.
4418.5s 1339 plt.tight_layout()
4418.5s 1340 /tmp/ipykernel_23/2658116302.py:26: UserWarning: Glyph 2375 (\N{DEVANAGARI VOWEL SIGN E}) missing from font(s) DejaVu Sans.
4418.5s 1341 plt.tight_layout()
4418.5s 1342 /tmp/ipykernel_23/2658116302.py:26: UserWarning: Glyph 2358 (\N{DEVANAGARI LETTER SHA}) missing from font(s) DejaVu Sans.
4418.5s 1343 plt.tight_layout()
4418.5s 1344 /tmp/ipykernel_23/2658116302.py:26: UserWarning: Glyph 2348 (\N{DEVANAGARI LETTER BA}) missing from font(s) DejaVu Sans.
4418.5s 1345 plt.tight_layout()
4418.5s 1346 /tmp/ipykernel_23/2658116302.py:26: UserWarning: Glyph 2344 (\N{DEVANAGARI LETTER NA}) missing from font(s) DejaVu Sans.
4418.5s 1347 plt.tight_layout()
4418.5s 1348 /tmp/ipykernel_23/2658116302.py:26: UserWarning: Glyph 2366 (\N{DEVANAGARI VOWEL SIGN AA}) missing from font(s) DejaVu Sans.
4418.5s 1349 plt.tight_layout()
4418.5s 1350 /tmp/ipykernel_23/2658116302.py:26: UserWarning: Glyph 2313 (\N{DEVANAGARI LETTER U}) missing from font(s) DejaVu Sans.
4418.5s 1351 plt.tight_layout()
4418.5s 1352 /tmp/ipykernel_23/2658116302.py:26: UserWarning: Glyph 2346 (\N{DEVANAGARI LETTER PA}) missing from font(s) DejaVu Sans.
4418.5s 1353 plt.tight_layout()
4418.5s 1354 /tmp/ipykernel_23/2658116302.py:26: UserWarning: Glyph 2334 (\N{DEVANAGARI LETTER NYA}) missing from font(s) DejaVu Sans.
4418.5s 1355 plt.tight_layout()
4418.5s 1356 /tmp/ipykernel_23/2658116302.py:26: UserWarning: Glyph 2381 (\N{DEVANAGARI SIGN VIRAMA}) missing from font(s) DejaVu Sans.
4418.5s 1357 plt.tight_layout()
4418.5s 1358 /tmp/ipykernel_23/2658116302.py:26: UserWarning: Glyph 2330 (\N{DEVANAGARI LETTER CA}) missing from font(s) DejaVu Sans.
4418.5s 1359 plt.tight_layout()
4418.5s 1360 /tmp/ipykernel_23/2658116302.py:26: UserWarning: Glyph 2361 (\N{DEVANAGARI LETTER HA}) missing from font(s) DejaVu Sans.
4418.5s 1361 plt.tight_layout()
4418.5s 1362 /tmp/ipykernel_23/2658116302.py:26: UserWarning: Glyph 2352 (\N{DEVANAGARI LETTER RA}) missing from font(s) DejaVu Sans.
4418.5s 1363 plt.tight_layout()
4418.5s 1364 /tmp/ipykernel_23/2658116302.py:26: UserWarning: Glyph 2370 (\N{DEVANAGARI VOWEL SIGN UU}) missing from font(s) DejaVu Sans.
4418.5s 1365 plt.tight_layout()
4418.5s 1366 /tmp/ipykernel_23/2658116302.py:26: UserWarning: Glyph 2354 (\N{DEVANAGARI LETTER LA}) missing from font(s) DejaVu Sans.
4418.5s 1367 plt.tight_layout()
4418.5s 1368 /tmp/ipykernel_23/2658116302.py:26: UserWarning: Glyph 2360 (\N{DEVANAGARI LETTER SA}) missing from font(s) DejaVu Sans.
4418.5s 1369 plt.tight_layout()
4418.5s 1370 /tmp/ipykernel_23/2658116302.py:26: UserWarning: Glyph 2325 (\N{DEVANAGARI LETTER KA}) missing from font(s) DejaVu Sans.
4418.5s 1371 plt.tight_layout()
4418.5s 1372 /tmp/ipykernel_23/2658116302.py:26: UserWarning: Glyph 2376 (\N{DEVANAGARI VOWEL SIGN AI}) missing from font(s) DejaVu Sans.
4418.5s 1373 plt.tight_layout()
4418.5s 1374 /tmp/ipykernel_23/2658116302.py:26: UserWarning: Glyph 2350 (\N{DEVANAGARI LETTER MA}) missing from font(s) DejaVu Sans.
4418.5s 1375 plt.tight_layout()
4418.5s 1376 /tmp/ipykernel_23/2658116302.py:26: UserWarning: Glyph 2368 (\N{DEVANAGARI VOWEL SIGN II}) missing from font(s) DejaVu Sans.
4418.5s 1377 plt.tight_layout()
4418.5s 1378 /tmp/ipykernel_23/2658116302.py:26: UserWarning: Glyph 2340 (\N{DEVANAGARI LETTER TA}) missing from font(s) DejaVu Sans.
4418.5s 1379 plt.tight_layout()
4418.5s 1380 /tmp/ipykernel_23/2658116302.py:26: UserWarning: Glyph 2331 (\N{DEVANAGARI LETTER CHA}) missing from font(s) DejaVu Sans.
4418.5s 1381 plt.tight_layout()
4418.5s 1382 /tmp/ipykernel_23/2658116302.py:26: UserWarning: Glyph 2380 (\N{DEVANAGARI VOWEL SIGN AU}) missing from font(s) DejaVu Sans.
4418.5s 1383 plt.tight_layout()
4418.5s 1384 /tmp/ipykernel_23/2658116302.py:26: UserWarning: Glyph 2306 (\N{DEVANAGARI SIGN ANUSVARA}) missing from font(s) DejaVu Sans.
4418.5s 1385 plt.tight_layout()
4418.5s 1386 /tmp/ipykernel_23/2658116302.py:26: UserWarning: Glyph 2349 (\N{DEVANAGARI LETTER BHA}) missing from font(s) DejaVu Sans.
4418.5s 1387 plt.tight_layout()
4418.5s 1388 /tmp/ipykernel_23/2658116302.py:26: UserWarning: Glyph 2309 (\N{DEVANAGARI LETTER A}) missing from font(s) DejaVu Sans.
4418.5s 1389 plt.tight_layout()
4418.5s 1390 /tmp/ipykernel_23/2658116302.py:26: UserWarning: Glyph 2369 (\N{DEVANAGARI VOWEL SIGN U}) missing from font(s) DejaVu Sans.
4418.5s 1391 plt.tight_layout()
4418.5s 1392 /tmp/ipykernel_23/2658116302.py:26: UserWarning: Glyph 2367 (\N{DEVANAGARI VOWEL SIGN I}) missing from font(s) DejaVu Sans.
4418.5s 1393 plt.tight_layout()
4418.5s 1394 /tmp/ipykernel_23/2658116302.py:26: UserWarning: Glyph 2341 (\N{DEVANAGARI LETTER THA}) missing from font(s) DejaVu Sans.
4418.5s 1395 plt.tight_layout()
4418.5s 1396 /tmp/ipykernel_23/2658116302.py:26: UserWarning: Glyph 2351 (\N{DEVANAGARI LETTER YA}) missing from font(s) DejaVu Sans.
4418.5s 1397 plt.tight_layout()
4418.5s 1398 /tmp/ipykernel_23/2658116302.py:26: UserWarning: Glyph 2379 (\N{DEVANAGARI VOWEL SIGN O}) missing from font(s) DejaVu Sans.
4418.5s 1399 plt.tight_layout()
4418.5s 1400 /tmp/ipykernel_23/2658116302.py:26: UserWarning: Glyph 2357 (\N{DEVANAGARI LETTER VA}) missing from font(s) DejaVu Sans.
4418.5s 1401 plt.tight_layout()
4418.5s 1402 /tmp/ipykernel_23/2658116302.py:26: UserWarning: Glyph 2332 (\N{DEVANAGARI LETTER JA}) missing from font(s) DejaVu Sans.
4418.5s 1403 plt.tight_layout()
4418.5s 1404 /tmp/ipykernel_23/2658116302.py:26: UserWarning: Glyph 2339 (\N{DEVANAGARI LETTER NNA}) missing from font(s) DejaVu Sans.
4418.5s 1405 plt.tight_layout()
4418.5s 1406 /tmp/ipykernel_23/2658116302.py:26: UserWarning: Glyph 2327 (\N{DEVANAGARI LETTER GA}) missing from font(s) DejaVu Sans.
4418.5s 1407 plt.tight_layout()
4418.5s 1408 /tmp/ipykernel_23/2658116302.py:26: UserWarning: Glyph 2305 (\N{DEVANAGARI SIGN CANDRABINDU}) missing from font(s) DejaVu Sans.
4418.5s 1409 plt.tight_layout()
4418.5s 1410 /tmp/ipykernel_23/2658116302.py:26: UserWarning: Glyph 2326 (\N{DEVANAGARI LETTER KHA}) missing from font(s) DejaVu Sans.
4418.5s 1411 plt.tight_layout()
4418.5s 1412 /tmp/ipykernel_23/2658116302.py:26: UserWarning: Glyph 2335 (\N{DEVANAGARI LETTER TTA}) missing from font(s) DejaVu Sans.
4418.5s 1413 plt.tight_layout()
4418.5s 1414 /tmp/ipykernel_23/2658116302.py:26: UserWarning: Glyph 2404 (\N{DEVANAGARI DANDA}) missing from font(s) DejaVu Sans.
4418.5s 1415 plt.tight_layout()
4418.5s 1416 /tmp/ipykernel_23/2658116302.py:26: UserWarning: Glyph 2319 (\N{DEVANAGARI LETTER E}) missing from font(s) DejaVu Sans.
4418.5s 1417 plt.tight_layout()
4418.5s 1418 /usr/local/lib/python3.12/dist-packages/IPython/core/pylabtools.py:151: UserWarning: Glyph 2342 (\N{DEVANAGARI LETTER DA}) missing from font(s) DejaVu Sans.
4418.5s 1419 fig.canvas.print_figure(bytes_io, **kw)
4418.5s 1420 /usr/local/lib/python3.12/dist-packages/IPython/core/pylabtools.py:151: UserWarning: Matplotlib currently does not support Devanagari natively.
4418.5s 1421 fig.canvas.print_figure(bytes_io, **kw)
4418.5s 1422 /usr/local/lib/python3.12/dist-packages/IPython/core/pylabtools.py:151: UserWarning: Glyph 2375 (\N{DEVANAGARI VOWEL SIGN E}) missing from font(s) DejaVu Sans.
4418.5s 1423 fig.canvas.print_figure(bytes_io, **kw)
4418.5s 1424 /usr/local/lib/python3.12/dist-packages/IPython/core/pylabtools.py:151: UserWarning: Glyph 2358 (\N{DEVANAGARI LETTER SHA}) missing from font(s) DejaVu Sans.
4418.5s 1425 fig.canvas.print_figure(bytes_io, **kw)
4418.5s 1426 /usr/local/lib/python3.12/dist-packages/IPython/core/pylabtools.py:151: UserWarning: Glyph 2348 (\N{DEVANAGARI LETTER BA}) missing from font(s) DejaVu Sans.
4418.5s 1427 fig.canvas.print_figure(bytes_io, **kw)
4418.5s 1428 /usr/local/lib/python3.12/dist-packages/IPython/core/pylabtools.py:151: UserWarning: Glyph 2344 (\N{DEVANAGARI LETTER NA}) missing from font(s) DejaVu Sans.
4418.5s 1429 fig.canvas.print_figure(bytes_io, **kw)
4418.5s 1430 /usr/local/lib/python3.12/dist-packages/IPython/core/pylabtools.py:151: UserWarning: Glyph 2366 (\N{DEVANAGARI VOWEL SIGN AA}) missing from font(s) DejaVu Sans.
4418.5s 1431 fig.canvas.print_figure(bytes_io, **kw)
4418.5s 1432 /usr/local/lib/python3.12/dist-packages/IPython/core/pylabtools.py:151: UserWarning: Glyph 2313 (\N{DEVANAGARI LETTER U}) missing from font(s) DejaVu Sans.
4418.5s 1433 fig.canvas.print_figure(bytes_io, **kw)
4418.5s 1434 /usr/local/lib/python3.12/dist-packages/IPython/core/pylabtools.py:151: UserWarning: Glyph 2346 (\N{DEVANAGARI LETTER PA}) missing from font(s) DejaVu Sans.
4418.5s 1435 fig.canvas.print_figure(bytes_io, **kw)
4418.5s 1436 /usr/local/lib/python3.12/dist-packages/IPython/core/pylabtools.py:151: UserWarning: Glyph 2334 (\N{DEVANAGARI LETTER NYA}) missing from font(s) DejaVu Sans.
4418.5s 1437 fig.canvas.print_figure(bytes_io, **kw)
4418.5s 1438 /usr/local/lib/python3.12/dist-packages/IPython/core/pylabtools.py:151: UserWarning: Glyph 2381 (\N{DEVANAGARI SIGN VIRAMA}) missing from font(s) DejaVu Sans.
4418.5s 1439 fig.canvas.print_figure(bytes_io, **kw)
4418.5s 1440 /usr/local/lib/python3.12/dist-packages/IPython/core/pylabtools.py:151: UserWarning: Glyph 2330 (\N{DEVANAGARI LETTER CA}) missing from font(s) DejaVu Sans.
4418.5s 1441 fig.canvas.print_figure(bytes_io, **kw)
4418.5s 1442 /usr/local/lib/python3.12/dist-packages/IPython/core/pylabtools.py:151: UserWarning: Glyph 2361 (\N{DEVANAGARI LETTER HA}) missing from font(s) DejaVu Sans.
4418.5s 1443 fig.canvas.print_figure(bytes_io, **kw)
4418.5s 1444 /usr/local/lib/python3.12/dist-packages/IPython/core/pylabtools.py:151: UserWarning: Glyph 2352 (\N{DEVANAGARI LETTER RA}) missing from font(s) DejaVu Sans.
4418.5s 1445 fig.canvas.print_figure(bytes_io, **kw)
4418.5s 1446 /usr/local/lib/python3.12/dist-packages/IPython/core/pylabtools.py:151: UserWarning: Glyph 2370 (\N{DEVANAGARI VOWEL SIGN UU}) missing from font(s) DejaVu Sans.
4418.5s 1447 fig.canvas.print_figure(bytes_io, **kw)
4418.5s 1448 /usr/local/lib/python3.12/dist-packages/IPython/core/pylabtools.py:151: UserWarning: Glyph 2354 (\N{DEVANAGARI LETTER LA}) missing from font(s) DejaVu Sans.
4418.5s 1449 fig.canvas.print_figure(bytes_io, **kw)
4418.5s 1450 /usr/local/lib/python3.12/dist-packages/IPython/core/pylabtools.py:151: UserWarning: Glyph 2360 (\N{DEVANAGARI LETTER SA}) missing from font(s) DejaVu Sans.
4418.5s 1451 fig.canvas.print_figure(bytes_io, **kw)
4418.5s 1452 /usr/local/lib/python3.12/dist-packages/IPython/core/pylabtools.py:151: UserWarning: Glyph 2325 (\N{DEVANAGARI LETTER KA}) missing from font(s) DejaVu Sans.
4418.5s 1453 fig.canvas.print_figure(bytes_io, **kw)
4418.5s 1454 /usr/local/lib/python3.12/dist-packages/IPython/core/pylabtools.py:151: UserWarning: Glyph 2376 (\N{DEVANAGARI VOWEL SIGN AI}) missing from font(s) DejaVu Sans.
4418.5s 1455 fig.canvas.print_figure(bytes_io, **kw)
4418.5s 1456 /usr/local/lib/python3.12/dist-packages/IPython/core/pylabtools.py:151: UserWarning: Glyph 2350 (\N{DEVANAGARI LETTER MA}) missing from font(s) DejaVu Sans.
4418.5s 1457 fig.canvas.print_figure(bytes_io, **kw)
4418.5s 1458 /usr/local/lib/python3.12/dist-packages/IPython/core/pylabtools.py:151: UserWarning: Glyph 2368 (\N{DEVANAGARI VOWEL SIGN II}) missing from font(s) DejaVu Sans.
4418.5s 1459 fig.canvas.print_figure(bytes_io, **kw)
4418.5s 1460 /usr/local/lib/python3.12/dist-packages/IPython/core/pylabtools.py:151: UserWarning: Glyph 2340 (\N{DEVANAGARI LETTER TA}) missing from font(s) DejaVu Sans.
4418.5s 1461 fig.canvas.print_figure(bytes_io, **kw)
4418.5s 1462 /usr/local/lib/python3.12/dist-packages/IPython/core/pylabtools.py:151: UserWarning: Glyph 2331 (\N{DEVANAGARI LETTER CHA}) missing from font(s) DejaVu Sans.
4418.5s 1463 fig.canvas.print_figure(bytes_io, **kw)
4418.5s 1464 /usr/local/lib/python3.12/dist-packages/IPython/core/pylabtools.py:151: UserWarning: Glyph 2380 (\N{DEVANAGARI VOWEL SIGN AU}) missing from font(s) DejaVu Sans.
4418.5s 1465 fig.canvas.print_figure(bytes_io, **kw)
4418.5s 1466 /usr/local/lib/python3.12/dist-packages/IPython/core/pylabtools.py:151: UserWarning: Glyph 2306 (\N{DEVANAGARI SIGN ANUSVARA}) missing from font(s) DejaVu Sans.
4418.5s 1467 fig.canvas.print_figure(bytes_io, **kw)
4418.5s 1468 /usr/local/lib/python3.12/dist-packages/IPython/core/pylabtools.py:151: UserWarning: Glyph 2349 (\N{DEVANAGARI LETTER BHA}) missing from font(s) DejaVu Sans.
4418.5s 1469 fig.canvas.print_figure(bytes_io, **kw)
4418.5s 1470 /usr/local/lib/python3.12/dist-packages/IPython/core/pylabtools.py:151: UserWarning: Glyph 2309 (\N{DEVANAGARI LETTER A}) missing from font(s) DejaVu Sans.
4418.5s 1471 fig.canvas.print_figure(bytes_io, **kw)
4418.5s 1472 /usr/local/lib/python3.12/dist-packages/IPython/core/pylabtools.py:151: UserWarning: Glyph 2369 (\N{DEVANAGARI VOWEL SIGN U}) missing from font(s) DejaVu Sans.
4418.5s 1473 fig.canvas.print_figure(bytes_io, **kw)
4418.5s 1474 /usr/local/lib/python3.12/dist-packages/IPython/core/pylabtools.py:151: UserWarning: Glyph 2367 (\N{DEVANAGARI VOWEL SIGN I}) missing from font(s) DejaVu Sans.
4418.5s 1475 fig.canvas.print_figure(bytes_io, **kw)
4418.5s 1476 /usr/local/lib/python3.12/dist-packages/IPython/core/pylabtools.py:151: UserWarning: Glyph 2341 (\N{DEVANAGARI LETTER THA}) missing from font(s) DejaVu Sans.
4418.5s 1477 fig.canvas.print_figure(bytes_io, **kw)
4418.5s 1478 /usr/local/lib/python3.12/dist-packages/IPython/core/pylabtools.py:151: UserWarning: Glyph 2351 (\N{DEVANAGARI LETTER YA}) missing from font(s) DejaVu Sans.
4418.5s 1479 fig.canvas.print_figure(bytes_io, **kw)
4418.5s 1480 /usr/local/lib/python3.12/dist-packages/IPython/core/pylabtools.py:151: UserWarning: Glyph 2379 (\N{DEVANAGARI VOWEL SIGN O}) missing from font(s) DejaVu Sans.
4418.5s 1481 fig.canvas.print_figure(bytes_io, **kw)
4418.5s 1482 /usr/local/lib/python3.12/dist-packages/IPython/core/pylabtools.py:151: UserWarning: Glyph 2357 (\N{DEVANAGARI LETTER VA}) missing from font(s) DejaVu Sans.
4418.5s 1483 fig.canvas.print_figure(bytes_io, **kw)
4418.5s 1484 /usr/local/lib/python3.12/dist-packages/IPython/core/pylabtools.py:151: UserWarning: Glyph 2332 (\N{DEVANAGARI LETTER JA}) missing from font(s) DejaVu Sans.
4418.5s 1485 fig.canvas.print_figure(bytes_io, **kw)
4418.5s 1486 /usr/local/lib/python3.12/dist-packages/IPython/core/pylabtools.py:151: UserWarning: Glyph 2339 (\N{DEVANAGARI LETTER NNA}) missing from font(s) DejaVu Sans.
4418.5s 1487 fig.canvas.print_figure(bytes_io, **kw)
4418.5s 1488 /usr/local/lib/python3.12/dist-packages/IPython/core/pylabtools.py:151: UserWarning: Glyph 2327 (\N{DEVANAGARI LETTER GA}) missing from font(s) DejaVu Sans.
4418.5s 1489 fig.canvas.print_figure(bytes_io, **kw)
4418.5s 1490 /usr/local/lib/python3.12/dist-packages/IPython/core/pylabtools.py:151: UserWarning: Glyph 2305 (\N{DEVANAGARI SIGN CANDRABINDU}) missing from font(s) DejaVu Sans.
4418.5s 1491 fig.canvas.print_figure(bytes_io, **kw)
4418.5s 1492 /usr/local/lib/python3.12/dist-packages/IPython/core/pylabtools.py:151: UserWarning: Glyph 2326 (\N{DEVANAGARI LETTER KHA}) missing from font(s) DejaVu Sans.
4418.5s 1493 fig.canvas.print_figure(bytes_io, **kw)
4418.5s 1494 /usr/local/lib/python3.12/dist-packages/IPython/core/pylabtools.py:151: UserWarning: Glyph 2335 (\N{DEVANAGARI LETTER TTA}) missing from font(s) DejaVu Sans.
4418.5s 1495 fig.canvas.print_figure(bytes_io, **kw)
4418.5s 1496 /usr/local/lib/python3.12/dist-packages/IPython/core/pylabtools.py:151: UserWarning: Glyph 2404 (\N{DEVANAGARI DANDA}) missing from font(s) DejaVu Sans.
4418.5s 1497 fig.canvas.print_figure(bytes_io, **kw)
4418.5s 1498 /usr/local/lib/python3.12/dist-packages/IPython/core/pylabtools.py:151: UserWarning: Glyph 2319 (\N{DEVANAGARI LETTER E}) missing from font(s) DejaVu Sans.
4418.5s 1499 fig.canvas.print_figure(bytes_io, **kw)
4418.9s 1500 /tmp/ipykernel_23/2658116302.py:26: UserWarning: Glyph 2342 (\N{DEVANAGARI LETTER DA}) missing from font(s) DejaVu Sans.
4418.9s 1501 plt.tight_layout()
4418.9s 1502 /tmp/ipykernel_23/2658116302.py:26: UserWarning: Matplotlib currently does not support Devanagari natively.
4418.9s 1503 plt.tight_layout()
4418.9s 1504 /tmp/ipykernel_23/2658116302.py:26: UserWarning: Glyph 2375 (\N{DEVANAGARI VOWEL SIGN E}) missing from font(s) DejaVu Sans.
4418.9s 1505 plt.tight_layout()
4418.9s 1506 /tmp/ipykernel_23/2658116302.py:26: UserWarning: Glyph 2358 (\N{DEVANAGARI LETTER SHA}) missing from font(s) DejaVu Sans.
4418.9s 1507 plt.tight_layout()
4418.9s 1508 /tmp/ipykernel_23/2658116302.py:26: UserWarning: Glyph 2348 (\N{DEVANAGARI LETTER BA}) missing from font(s) DejaVu Sans.
4418.9s 1509 plt.tight_layout()
4418.9s 1510 /tmp/ipykernel_23/2658116302.py:26: UserWarning: Glyph 2344 (\N{DEVANAGARI LETTER NA}) missing from font(s) DejaVu Sans.
4418.9s 1511 plt.tight_layout()
4418.9s 1512 /tmp/ipykernel_23/2658116302.py:26: UserWarning: Glyph 2366 (\N{DEVANAGARI VOWEL SIGN AA}) missing from font(s) DejaVu Sans.
4418.9s 1513 plt.tight_layout()
4418.9s 1514 /tmp/ipykernel_23/2658116302.py:26: UserWarning: Glyph 2313 (\N{DEVANAGARI LETTER U}) missing from font(s) DejaVu Sans.
4418.9s 1515 plt.tight_layout()
4418.9s 1516 /tmp/ipykernel_23/2658116302.py:26: UserWarning: Glyph 2346 (\N{DEVANAGARI LETTER PA}) missing from font(s) DejaVu Sans.
4418.9s 1517 plt.tight_layout()
4418.9s 1518 /tmp/ipykernel_23/2658116302.py:26: UserWarning: Glyph 2334 (\N{DEVANAGARI LETTER NYA}) missing from font(s) DejaVu Sans.
4418.9s 1519 plt.tight_layout()
4418.9s 1520 /tmp/ipykernel_23/2658116302.py:26: UserWarning: Glyph 2381 (\N{DEVANAGARI SIGN VIRAMA}) missing from font(s) DejaVu Sans.
4418.9s 1521 plt.tight_layout()
4418.9s 1522 /tmp/ipykernel_23/2658116302.py:26: UserWarning: Glyph 2330 (\N{DEVANAGARI LETTER CA}) missing from font(s) DejaVu Sans.
4418.9s 1523 plt.tight_layout()
4418.9s 1524 /tmp/ipykernel_23/2658116302.py:26: UserWarning: Glyph 2361 (\N{DEVANAGARI LETTER HA}) missing from font(s) DejaVu Sans.
4418.9s 1525 plt.tight_layout()
4418.9s 1526 /tmp/ipykernel_23/2658116302.py:26: UserWarning: Glyph 2352 (\N{DEVANAGARI LETTER RA}) missing from font(s) DejaVu Sans.
4418.9s 1527 plt.tight_layout()
4418.9s 1528 /tmp/ipykernel_23/2658116302.py:26: UserWarning: Glyph 2370 (\N{DEVANAGARI VOWEL SIGN UU}) missing from font(s) DejaVu Sans.
4418.9s 1529 plt.tight_layout()
4418.9s 1530 /tmp/ipykernel_23/2658116302.py:26: UserWarning: Glyph 2354 (\N{DEVANAGARI LETTER LA}) missing from font(s) DejaVu Sans.
4418.9s 1531 plt.tight_layout()
4418.9s 1532 /tmp/ipykernel_23/2658116302.py:26: UserWarning: Glyph 2360 (\N{DEVANAGARI LETTER SA}) missing from font(s) DejaVu Sans.
4418.9s 1533 plt.tight_layout()
4418.9s 1534 /tmp/ipykernel_23/2658116302.py:26: UserWarning: Glyph 2325 (\N{DEVANAGARI LETTER KA}) missing from font(s) DejaVu Sans.
4418.9s 1535 plt.tight_layout()
4418.9s 1536 /tmp/ipykernel_23/2658116302.py:26: UserWarning: Glyph 2376 (\N{DEVANAGARI VOWEL SIGN AI}) missing from font(s) DejaVu Sans.
4418.9s 1537 plt.tight_layout()
4418.9s 1538 /tmp/ipykernel_23/2658116302.py:26: UserWarning: Glyph 2350 (\N{DEVANAGARI LETTER MA}) missing from font(s) DejaVu Sans.
4418.9s 1539 plt.tight_layout()
4418.9s 1540 /tmp/ipykernel_23/2658116302.py:26: UserWarning: Glyph 2368 (\N{DEVANAGARI VOWEL SIGN II}) missing from font(s) DejaVu Sans.
4418.9s 1541 plt.tight_layout()
4418.9s 1542 /tmp/ipykernel_23/2658116302.py:26: UserWarning: Glyph 2340 (\N{DEVANAGARI LETTER TA}) missing from font(s) DejaVu Sans.
4418.9s 1543 plt.tight_layout()
4418.9s 1544 /tmp/ipykernel_23/2658116302.py:26: UserWarning: Glyph 2331 (\N{DEVANAGARI LETTER CHA}) missing from font(s) DejaVu Sans.
4418.9s 1545 plt.tight_layout()
4418.9s 1546 /tmp/ipykernel_23/2658116302.py:26: UserWarning: Glyph 2380 (\N{DEVANAGARI VOWEL SIGN AU}) missing from font(s) DejaVu Sans.
4418.9s 1547 plt.tight_layout()
4418.9s 1548 /tmp/ipykernel_23/2658116302.py:26: UserWarning: Glyph 2306 (\N{DEVANAGARI SIGN ANUSVARA}) missing from font(s) DejaVu Sans.
4418.9s 1549 plt.tight_layout()
4418.9s 1550 /tmp/ipykernel_23/2658116302.py:26: UserWarning: Glyph 2349 (\N{DEVANAGARI LETTER BHA}) missing from font(s) DejaVu Sans.
4418.9s 1551 plt.tight_layout()
4418.9s 1552 /tmp/ipykernel_23/2658116302.py:26: UserWarning: Glyph 2309 (\N{DEVANAGARI LETTER A}) missing from font(s) DejaVu Sans.
4418.9s 1553 plt.tight_layout()
4418.9s 1554 /tmp/ipykernel_23/2658116302.py:26: UserWarning: Glyph 2369 (\N{DEVANAGARI VOWEL SIGN U}) missing from font(s) DejaVu Sans.
4418.9s 1555 plt.tight_layout()
4418.9s 1556 /tmp/ipykernel_23/2658116302.py:26: UserWarning: Glyph 2367 (\N{DEVANAGARI VOWEL SIGN I}) missing from font(s) DejaVu Sans.
4418.9s 1557 plt.tight_layout()
4418.9s 1558 /tmp/ipykernel_23/2658116302.py:26: UserWarning: Glyph 2341 (\N{DEVANAGARI LETTER THA}) missing from font(s) DejaVu Sans.
4418.9s 1559 plt.tight_layout()
4418.9s 1560 /tmp/ipykernel_23/2658116302.py:26: UserWarning: Glyph 2351 (\N{DEVANAGARI LETTER YA}) missing from font(s) DejaVu Sans.
4418.9s 1561 plt.tight_layout()
4418.9s 1562 /tmp/ipykernel_23/2658116302.py:26: UserWarning: Glyph 2379 (\N{DEVANAGARI VOWEL SIGN O}) missing from font(s) DejaVu Sans.
4418.9s 1563 plt.tight_layout()
4418.9s 1564 /tmp/ipykernel_23/2658116302.py:26: UserWarning: Glyph 2357 (\N{DEVANAGARI LETTER VA}) missing from font(s) DejaVu Sans.
4418.9s 1565 plt.tight_layout()
4418.9s 1566 /tmp/ipykernel_23/2658116302.py:26: UserWarning: Glyph 2332 (\N{DEVANAGARI LETTER JA}) missing from font(s) DejaVu Sans.
4418.9s 1567 plt.tight_layout()
4418.9s 1568 /tmp/ipykernel_23/2658116302.py:26: UserWarning: Glyph 2339 (\N{DEVANAGARI LETTER NNA}) missing from font(s) DejaVu Sans.
4418.9s 1569 plt.tight_layout()
4418.9s 1570 /tmp/ipykernel_23/2658116302.py:26: UserWarning: Glyph 2327 (\N{DEVANAGARI LETTER GA}) missing from font(s) DejaVu Sans.
4418.9s 1571 plt.tight_layout()
4418.9s 1572 /tmp/ipykernel_23/2658116302.py:26: UserWarning: Glyph 2305 (\N{DEVANAGARI SIGN CANDRABINDU}) missing from font(s) DejaVu Sans.
4418.9s 1573 plt.tight_layout()
4418.9s 1574 /tmp/ipykernel_23/2658116302.py:26: UserWarning: Glyph 2326 (\N{DEVANAGARI LETTER KHA}) missing from font(s) DejaVu Sans.
4418.9s 1575 plt.tight_layout()
4418.9s 1576 /tmp/ipykernel_23/2658116302.py:26: UserWarning: Glyph 2335 (\N{DEVANAGARI LETTER TTA}) missing from font(s) DejaVu Sans.
4418.9s 1577 plt.tight_layout()
4418.9s 1578 /tmp/ipykernel_23/2658116302.py:26: UserWarning: Glyph 2404 (\N{DEVANAGARI DANDA}) missing from font(s) DejaVu Sans.
4418.9s 1579 plt.tight_layout()
4418.9s 1580 /tmp/ipykernel_23/2658116302.py:26: UserWarning: Glyph 2319 (\N{DEVANAGARI LETTER E}) missing from font(s) DejaVu Sans.
4418.9s 1581 plt.tight_layout()
4418.9s 1582 /usr/local/lib/python3.12/dist-packages/IPython/core/pylabtools.py:151: UserWarning: Glyph 2342 (\N{DEVANAGARI LETTER DA}) missing from font(s) DejaVu Sans.
4418.9s 1583 fig.canvas.print_figure(bytes_io, **kw)
4418.9s 1584 /usr/local/lib/python3.12/dist-packages/IPython/core/pylabtools.py:151: UserWarning: Matplotlib currently does not support Devanagari natively.
4418.9s 1585 fig.canvas.print_figure(bytes_io, **kw)
4418.9s 1586 /usr/local/lib/python3.12/dist-packages/IPython/core/pylabtools.py:151: UserWarning: Glyph 2375 (\N{DEVANAGARI VOWEL SIGN E}) missing from font(s) DejaVu Sans.
4418.9s 1587 fig.canvas.print_figure(bytes_io, **kw)
4418.9s 1588 /usr/local/lib/python3.12/dist-packages/IPython/core/pylabtools.py:151: UserWarning: Glyph 2358 (\N{DEVANAGARI LETTER SHA}) missing from font(s) DejaVu Sans.
4418.9s 1589 fig.canvas.print_figure(bytes_io, **kw)
4418.9s 1590 /usr/local/lib/python3.12/dist-packages/IPython/core/pylabtools.py:151: UserWarning: Glyph 2348 (\N{DEVANAGARI LETTER BA}) missing from font(s) DejaVu Sans.
4418.9s 1591 fig.canvas.print_figure(bytes_io, **kw)
4418.9s 1592 /usr/local/lib/python3.12/dist-packages/IPython/core/pylabtools.py:151: UserWarning: Glyph 2344 (\N{DEVANAGARI LETTER NA}) missing from font(s) DejaVu Sans.
4418.9s 1593 fig.canvas.print_figure(bytes_io, **kw)
4418.9s 1594 /usr/local/lib/python3.12/dist-packages/IPython/core/pylabtools.py:151: UserWarning: Glyph 2366 (\N{DEVANAGARI VOWEL SIGN AA}) missing from font(s) DejaVu Sans.
4418.9s 1595 fig.canvas.print_figure(bytes_io, **kw)
4418.9s 1596 /usr/local/lib/python3.12/dist-packages/IPython/core/pylabtools.py:151: UserWarning: Glyph 2313 (\N{DEVANAGARI LETTER U}) missing from font(s) DejaVu Sans.
4418.9s 1597 fig.canvas.print_figure(bytes_io, **kw)
4418.9s 1598 /usr/local/lib/python3.12/dist-packages/IPython/core/pylabtools.py:151: UserWarning: Glyph 2346 (\N{DEVANAGARI LETTER PA}) missing from font(s) DejaVu Sans.
4418.9s 1599 fig.canvas.print_figure(bytes_io, **kw)
4418.9s 1600 /usr/local/lib/python3.12/dist-packages/IPython/core/pylabtools.py:151: UserWarning: Glyph 2334 (\N{DEVANAGARI LETTER NYA}) missing from font(s) DejaVu Sans.
4418.9s 1601 fig.canvas.print_figure(bytes_io, **kw)
4418.9s 1602 /usr/local/lib/python3.12/dist-packages/IPython/core/pylabtools.py:151: UserWarning: Glyph 2381 (\N{DEVANAGARI SIGN VIRAMA}) missing from font(s) DejaVu Sans.
4418.9s 1603 fig.canvas.print_figure(bytes_io, **kw)
4418.9s 1604 /usr/local/lib/python3.12/dist-packages/IPython/core/pylabtools.py:151: UserWarning: Glyph 2330 (\N{DEVANAGARI LETTER CA}) missing from font(s) DejaVu Sans.
4418.9s 1605 fig.canvas.print_figure(bytes_io, **kw)
4418.9s 1606 /usr/local/lib/python3.12/dist-packages/IPython/core/pylabtools.py:151: UserWarning: Glyph 2361 (\N{DEVANAGARI LETTER HA}) missing from font(s) DejaVu Sans.
4418.9s 1607 fig.canvas.print_figure(bytes_io, **kw)
4418.9s 1608 /usr/local/lib/python3.12/dist-packages/IPython/core/pylabtools.py:151: UserWarning: Glyph 2352 (\N{DEVANAGARI LETTER RA}) missing from font(s) DejaVu Sans.
4418.9s 1609 fig.canvas.print_figure(bytes_io, **kw)
4418.9s 1610 /usr/local/lib/python3.12/dist-packages/IPython/core/pylabtools.py:151: UserWarning: Glyph 2370 (\N{DEVANAGARI VOWEL SIGN UU}) missing from font(s) DejaVu Sans.
4418.9s 1611 fig.canvas.print_figure(bytes_io, **kw)
4418.9s 1612 /usr/local/lib/python3.12/dist-packages/IPython/core/pylabtools.py:151: UserWarning: Glyph 2354 (\N{DEVANAGARI LETTER LA}) missing from font(s) DejaVu Sans.
4418.9s 1613 fig.canvas.print_figure(bytes_io, **kw)
4418.9s 1614 /usr/local/lib/python3.12/dist-packages/IPython/core/pylabtools.py:151: UserWarning: Glyph 2360 (\N{DEVANAGARI LETTER SA}) missing from font(s) DejaVu Sans.
4418.9s 1615 fig.canvas.print_figure(bytes_io, **kw)
4418.9s 1616 /usr/local/lib/python3.12/dist-packages/IPython/core/pylabtools.py:151: UserWarning: Glyph 2325 (\N{DEVANAGARI LETTER KA}) missing from font(s) DejaVu Sans.
4418.9s 1617 fig.canvas.print_figure(bytes_io, **kw)
4418.9s 1618 /usr/local/lib/python3.12/dist-packages/IPython/core/pylabtools.py:151: UserWarning: Glyph 2376 (\N{DEVANAGARI VOWEL SIGN AI}) missing from font(s) DejaVu Sans.
4418.9s 1619 fig.canvas.print_figure(bytes_io, **kw)
4418.9s 1620 /usr/local/lib/python3.12/dist-packages/IPython/core/pylabtools.py:151: UserWarning: Glyph 2350 (\N{DEVANAGARI LETTER MA}) missing from font(s) DejaVu Sans.
4418.9s 1621 fig.canvas.print_figure(bytes_io, **kw)
4418.9s 1622 /usr/local/lib/python3.12/dist-packages/IPython/core/pylabtools.py:151: UserWarning: Glyph 2368 (\N{DEVANAGARI VOWEL SIGN II}) missing from font(s) DejaVu Sans.
4418.9s 1623 fig.canvas.print_figure(bytes_io, **kw)
4418.9s 1624 /usr/local/lib/python3.12/dist-packages/IPython/core/pylabtools.py:151: UserWarning: Glyph 2340 (\N{DEVANAGARI LETTER TA}) missing from font(s) DejaVu Sans.
4418.9s 1625 fig.canvas.print_figure(bytes_io, **kw)
4418.9s 1626 /usr/local/lib/python3.12/dist-packages/IPython/core/pylabtools.py:151: UserWarning: Glyph 2331 (\N{DEVANAGARI LETTER CHA}) missing from font(s) DejaVu Sans.
4418.9s 1627 fig.canvas.print_figure(bytes_io, **kw)
4418.9s 1628 /usr/local/lib/python3.12/dist-packages/IPython/core/pylabtools.py:151: UserWarning: Glyph 2380 (\N{DEVANAGARI VOWEL SIGN AU}) missing from font(s) DejaVu Sans.
4418.9s 1629 fig.canvas.print_figure(bytes_io, **kw)
4418.9s 1630 /usr/local/lib/python3.12/dist-packages/IPython/core/pylabtools.py:151: UserWarning: Glyph 2306 (\N{DEVANAGARI SIGN ANUSVARA}) missing from font(s) DejaVu Sans.
4418.9s 1631 fig.canvas.print_figure(bytes_io, **kw)
4418.9s 1632 /usr/local/lib/python3.12/dist-packages/IPython/core/pylabtools.py:151: UserWarning: Glyph 2349 (\N{DEVANAGARI LETTER BHA}) missing from font(s) DejaVu Sans.
4418.9s 1633 fig.canvas.print_figure(bytes_io, **kw)
4418.9s 1634 /usr/local/lib/python3.12/dist-packages/IPython/core/pylabtools.py:151: UserWarning: Glyph 2309 (\N{DEVANAGARI LETTER A}) missing from font(s) DejaVu Sans.
4418.9s 1635 fig.canvas.print_figure(bytes_io, **kw)
4418.9s 1636 /usr/local/lib/python3.12/dist-packages/IPython/core/pylabtools.py:151: UserWarning: Glyph 2369 (\N{DEVANAGARI VOWEL SIGN U}) missing from font(s) DejaVu Sans.
4418.9s 1637 fig.canvas.print_figure(bytes_io, **kw)
4418.9s 1638 /usr/local/lib/python3.12/dist-packages/IPython/core/pylabtools.py:151: UserWarning: Glyph 2367 (\N{DEVANAGARI VOWEL SIGN I}) missing from font(s) DejaVu Sans.
4418.9s 1639 fig.canvas.print_figure(bytes_io, **kw)
4418.9s 1640 /usr/local/lib/python3.12/dist-packages/IPython/core/pylabtools.py:151: UserWarning: Glyph 2341 (\N{DEVANAGARI LETTER THA}) missing from font(s) DejaVu Sans.
4418.9s 1641 fig.canvas.print_figure(bytes_io, **kw)
4418.9s 1642 /usr/local/lib/python3.12/dist-packages/IPython/core/pylabtools.py:151: UserWarning: Glyph 2351 (\N{DEVANAGARI LETTER YA}) missing from font(s) DejaVu Sans.
4418.9s 1643 fig.canvas.print_figure(bytes_io, **kw)
4418.9s 1644 /usr/local/lib/python3.12/dist-packages/IPython/core/pylabtools.py:151: UserWarning: Glyph 2379 (\N{DEVANAGARI VOWEL SIGN O}) missing from font(s) DejaVu Sans.
4418.9s 1645 fig.canvas.print_figure(bytes_io, **kw)
4418.9s 1646 /usr/local/lib/python3.12/dist-packages/IPython/core/pylabtools.py:151: UserWarning: Glyph 2357 (\N{DEVANAGARI LETTER VA}) missing from font(s) DejaVu Sans.
4418.9s 1647 fig.canvas.print_figure(bytes_io, **kw)
4418.9s 1648 /usr/local/lib/python3.12/dist-packages/IPython/core/pylabtools.py:151: UserWarning: Glyph 2332 (\N{DEVANAGARI LETTER JA}) missing from font(s) DejaVu Sans.
4418.9s 1649 fig.canvas.print_figure(bytes_io, **kw)
4418.9s 1650 /usr/local/lib/python3.12/dist-packages/IPython/core/pylabtools.py:151: UserWarning: Glyph 2339 (\N{DEVANAGARI LETTER NNA}) missing from font(s) DejaVu Sans.
4418.9s 1651 fig.canvas.print_figure(bytes_io, **kw)
4418.9s 1652 /usr/local/lib/python3.12/dist-packages/IPython/core/pylabtools.py:151: UserWarning: Glyph 2327 (\N{DEVANAGARI LETTER GA}) missing from font(s) DejaVu Sans.
4418.9s 1653 fig.canvas.print_figure(bytes_io, **kw)
4418.9s 1654 /usr/local/lib/python3.12/dist-packages/IPython/core/pylabtools.py:151: UserWarning: Glyph 2305 (\N{DEVANAGARI SIGN CANDRABINDU}) missing from font(s) DejaVu Sans.
4418.9s 1655 fig.canvas.print_figure(bytes_io, **kw)
4418.9s 1656 /usr/local/lib/python3.12/dist-packages/IPython/core/pylabtools.py:151: UserWarning: Glyph 2326 (\N{DEVANAGARI LETTER KHA}) missing from font(s) DejaVu Sans.
4418.9s 1657 fig.canvas.print_figure(bytes_io, **kw)
4418.9s 1658 /usr/local/lib/python3.12/dist-packages/IPython/core/pylabtools.py:151: UserWarning: Glyph 2335 (\N{DEVANAGARI LETTER TTA}) missing from font(s) DejaVu Sans.
4418.9s 1659 fig.canvas.print_figure(bytes_io, **kw)
4418.9s 1660 /usr/local/lib/python3.12/dist-packages/IPython/core/pylabtools.py:151: UserWarning: Glyph 2404 (\N{DEVANAGARI DANDA}) missing from font(s) DejaVu Sans.
4418.9s 1661 fig.canvas.print_figure(bytes_io, **kw)
4418.9s 1662 /usr/local/lib/python3.12/dist-packages/IPython/core/pylabtools.py:151: UserWarning: Glyph 2319 (\N{DEVANAGARI LETTER E}) missing from font(s) DejaVu Sans.
4418.9s 1663 fig.canvas.print_figure(bytes_io, **kw)
4418.9s 1664 
4418.9s 1665 /tmp/ipykernel_23/2658116302.py:26: UserWarning: Glyph 2342 (\N{DEVANAGARI LETTER DA}) missing from font(s) DejaVu Sans.
4418.9s 1666 plt.tight_layout()
4418.9s 1667 /tmp/ipykernel_23/2658116302.py:26: UserWarning: Matplotlib currently does not support Devanagari natively.
4418.9s 1668 plt.tight_layout()
4418.9s 1669 /tmp/ipykernel_23/2658116302.py:26: UserWarning: Glyph 2375 (\N{DEVANAGARI VOWEL SIGN E}) missing from font(s) DejaVu Sans.
4418.9s 1670 plt.tight_layout()
4418.9s 1671 /tmp/ipykernel_23/2658116302.py:26: UserWarning: Glyph 2358 (\N{DEVANAGARI LETTER SHA}) missing from font(s) DejaVu Sans.
4418.9s 1672 plt.tight_layout()
4418.9s 1673 /tmp/ipykernel_23/2658116302.py:26: UserWarning: Glyph 2348 (\N{DEVANAGARI LETTER BA}) missing from font(s) DejaVu Sans.
4418.9s 1674 plt.tight_layout()
4418.9s 1675 /tmp/ipykernel_23/2658116302.py:26: UserWarning: Glyph 2344 (\N{DEVANAGARI LETTER NA}) missing from font(s) DejaVu Sans.
4418.9s 1676 plt.tight_layout()
4418.9s 1677 /tmp/ipykernel_23/2658116302.py:26: UserWarning: Glyph 2366 (\N{DEVANAGARI VOWEL SIGN AA}) missing from font(s) DejaVu Sans.
4418.9s 1678 plt.tight_layout()
4418.9s 1679 /tmp/ipykernel_23/2658116302.py:26: UserWarning: Glyph 2313 (\N{DEVANAGARI LETTER U}) missing from font(s) DejaVu Sans.
4418.9s 1680 plt.tight_layout()
4418.9s 1681 /tmp/ipykernel_23/2658116302.py:26: UserWarning: Glyph 2346 (\N{DEVANAGARI LETTER PA}) missing from font(s) DejaVu Sans.
4418.9s 1682 plt.tight_layout()
4418.9s 1683 /tmp/ipykernel_23/2658116302.py:26: UserWarning: Glyph 2334 (\N{DEVANAGARI LETTER NYA}) missing from font(s) DejaVu Sans.
4418.9s 1684 plt.tight_layout()
4418.9s 1685 /tmp/ipykernel_23/2658116302.py:26: UserWarning: Glyph 2381 (\N{DEVANAGARI SIGN VIRAMA}) missing from font(s) DejaVu Sans.
4418.9s 1686 plt.tight_layout()
4418.9s 1687 /tmp/ipykernel_23/2658116302.py:26: UserWarning: Glyph 2330 (\N{DEVANAGARI LETTER CA}) missing from font(s) DejaVu Sans.
4418.9s 1688 plt.tight_layout()
4418.9s 1689 /tmp/ipykernel_23/2658116302.py:26: UserWarning: Glyph 2361 (\N{DEVANAGARI LETTER HA}) missing from font(s) DejaVu Sans.
4418.9s 1690 plt.tight_layout()
4418.9s 1691 /tmp/ipykernel_23/2658116302.py:26: UserWarning: Glyph 2352 (\N{DEVANAGARI LETTER RA}) missing from font(s) DejaVu Sans.
4418.9s 1692 plt.tight_layout()
4418.9s 1693 /tmp/ipykernel_23/2658116302.py:26: UserWarning: Glyph 2370 (\N{DEVANAGARI VOWEL SIGN UU}) missing from font(s) DejaVu Sans.
4418.9s 1694 plt.tight_layout()
4418.9s 1695 /tmp/ipykernel_23/2658116302.py:26: UserWarning: Glyph 2354 (\N{DEVANAGARI LETTER LA}) missing from font(s) DejaVu Sans.
4418.9s 1696 plt.tight_layout()
4418.9s 1697 /tmp/ipykernel_23/2658116302.py:26: UserWarning: Glyph 2360 (\N{DEVANAGARI LETTER SA}) missing from font(s) DejaVu Sans.
4418.9s 1698 plt.tight_layout()
4418.9s 1699 /tmp/ipykernel_23/2658116302.py:26: UserWarning: Glyph 2325 (\N{DEVANAGARI LETTER KA}) missing from font(s) DejaVu Sans.
4418.9s 1700 plt.tight_layout()
4418.9s 1701 /tmp/ipykernel_23/2658116302.py:26: UserWarning: Glyph 2376 (\N{DEVANAGARI VOWEL SIGN AI}) missing from font(s) DejaVu Sans.
4418.9s 1702 plt.tight_layout()
4418.9s 1703 /tmp/ipykernel_23/2658116302.py:26: UserWarning: Glyph 2350 (\N{DEVANAGARI LETTER MA}) missing from font(s) DejaVu Sans.
4418.9s 1704 plt.tight_layout()
4418.9s 1705 /tmp/ipykernel_23/2658116302.py:26: UserWarning: Glyph 2368 (\N{DEVANAGARI VOWEL SIGN II}) missing from font(s) DejaVu Sans.
4418.9s 1706 plt.tight_layout()
4418.9s 1707 /tmp/ipykernel_23/2658116302.py:26: UserWarning: Glyph 2340 (\N{DEVANAGARI LETTER TA}) missing from font(s) DejaVu Sans.
4418.9s 1708 plt.tight_layout()
4418.9s 1709 /tmp/ipykernel_23/2658116302.py:26: UserWarning: Glyph 2331 (\N{DEVANAGARI LETTER CHA}) missing from font(s) DejaVu Sans.
4418.9s 1710 plt.tight_layout()
4418.9s 1711 /tmp/ipykernel_23/2658116302.py:26: UserWarning: Glyph 2380 (\N{DEVANAGARI VOWEL SIGN AU}) missing from font(s) DejaVu Sans.
4418.9s 1712 plt.tight_layout()
4418.9s 1713 /tmp/ipykernel_23/2658116302.py:26: UserWarning: Glyph 2306 (\N{DEVANAGARI SIGN ANUSVARA}) missing from font(s) DejaVu Sans.
4418.9s 1714 plt.tight_layout()
4418.9s 1715 /tmp/ipykernel_23/2658116302.py:26: UserWarning: Glyph 2349 (\N{DEVANAGARI LETTER BHA}) missing from font(s) DejaVu Sans.
4418.9s 1716 plt.tight_layout()
4418.9s 1717 /tmp/ipykernel_23/2658116302.py:26: UserWarning: Glyph 2309 (\N{DEVANAGARI LETTER A}) missing from font(s) DejaVu Sans.
4418.9s 1718 plt.tight_layout()
4418.9s 1719 /tmp/ipykernel_23/2658116302.py:26: UserWarning: Glyph 2369 (\N{DEVANAGARI VOWEL SIGN U}) missing from font(s) DejaVu Sans.
4418.9s 1720 plt.tight_layout()
4418.9s 1721 /tmp/ipykernel_23/2658116302.py:26: UserWarning: Glyph 2367 (\N{DEVANAGARI VOWEL SIGN I}) missing from font(s) DejaVu Sans.
4418.9s 1722 plt.tight_layout()
4418.9s 1723 /tmp/ipykernel_23/2658116302.py:26: UserWarning: Glyph 2341 (\N{DEVANAGARI LETTER THA}) missing from font(s) DejaVu Sans.
4418.9s 1724 plt.tight_layout()
4418.9s 1725 /tmp/ipykernel_23/2658116302.py:26: UserWarning: Glyph 2351 (\N{DEVANAGARI LETTER YA}) missing from font(s) DejaVu Sans.
4418.9s 1726 plt.tight_layout()
4418.9s 1727 /tmp/ipykernel_23/2658116302.py:26: UserWarning: Glyph 2379 (\N{DEVANAGARI VOWEL SIGN O}) missing from font(s) DejaVu Sans.
4418.9s 1728 plt.tight_layout()
4418.9s 1729 /tmp/ipykernel_23/2658116302.py:26: UserWarning: Glyph 2357 (\N{DEVANAGARI LETTER VA}) missing from font(s) DejaVu Sans.
4418.9s 1730 plt.tight_layout()
4418.9s 1731 /tmp/ipykernel_23/2658116302.py:26: UserWarning: Glyph 2332 (\N{DEVANAGARI LETTER JA}) missing from font(s) DejaVu Sans.
4418.9s 1732 plt.tight_layout()
4418.9s 1733 /tmp/ipykernel_23/2658116302.py:26: UserWarning: Glyph 2339 (\N{DEVANAGARI LETTER NNA}) missing from font(s) DejaVu Sans.
4418.9s 1734 plt.tight_layout()
4418.9s 1735 /tmp/ipykernel_23/2658116302.py:26: UserWarning: Glyph 2327 (\N{DEVANAGARI LETTER GA}) missing from font(s) DejaVu Sans.
4418.9s 1736 plt.tight_layout()
4418.9s 1737 /tmp/ipykernel_23/2658116302.py:26: UserWarning: Glyph 2305 (\N{DEVANAGARI SIGN CANDRABINDU}) missing from font(s) DejaVu Sans.
4418.9s 1738 plt.tight_layout()
4418.9s 1739 /tmp/ipykernel_23/2658116302.py:26: UserWarning: Glyph 2326 (\N{DEVANAGARI LETTER KHA}) missing from font(s) DejaVu Sans.
4418.9s 1740 plt.tight_layout()
4418.9s 1741 /tmp/ipykernel_23/2658116302.py:26: UserWarning: Glyph 2335 (\N{DEVANAGARI LETTER TTA}) missing from font(s) DejaVu Sans.
4418.9s 1742 plt.tight_layout()
4418.9s 1743 /tmp/ipykernel_23/2658116302.py:26: UserWarning: Glyph 2404 (\N{DEVANAGARI DANDA}) missing from font(s) DejaVu Sans.
4418.9s 1744 plt.tight_layout()
4418.9s 1745 /tmp/ipykernel_23/2658116302.py:26: UserWarning: Glyph 2319 (\N{DEVANAGARI LETTER E}) missing from font(s) DejaVu Sans.
4418.9s 1746 plt.tight_layout()
4418.9s 1747 /usr/local/lib/python3.12/dist-packages/IPython/core/pylabtools.py:151: UserWarning: Glyph 2342 (\N{DEVANAGARI LETTER DA}) missing from font(s) DejaVu Sans.
4418.9s 1748 fig.canvas.print_figure(bytes_io, **kw)
4418.9s 1749 /usr/local/lib/python3.12/dist-packages/IPython/core/pylabtools.py:151: UserWarning: Matplotlib currently does not support Devanagari natively.
4418.9s 1750 fig.canvas.print_figure(bytes_io, **kw)
4418.9s 1751 /usr/local/lib/python3.12/dist-packages/IPython/core/pylabtools.py:151: UserWarning: Glyph 2375 (\N{DEVANAGARI VOWEL SIGN E}) missing from font(s) DejaVu Sans.
4418.9s 1752 fig.canvas.print_figure(bytes_io, **kw)
4418.9s 1753 /usr/local/lib/python3.12/dist-packages/IPython/core/pylabtools.py:151: UserWarning: Glyph 2358 (\N{DEVANAGARI LETTER SHA}) missing from font(s) DejaVu Sans.
4418.9s 1754 fig.canvas.print_figure(bytes_io, **kw)
4418.9s 1755 /usr/local/lib/python3.12/dist-packages/IPython/core/pylabtools.py:151: UserWarning: Glyph 2348 (\N{DEVANAGARI LETTER BA}) missing from font(s) DejaVu Sans.
4418.9s 1756 fig.canvas.print_figure(bytes_io, **kw)
4418.9s 1757 /usr/local/lib/python3.12/dist-packages/IPython/core/pylabtools.py:151: UserWarning: Glyph 2344 (\N{DEVANAGARI LETTER NA}) missing from font(s) DejaVu Sans.
4418.9s 1758 fig.canvas.print_figure(bytes_io, **kw)
4418.9s 1759 /usr/local/lib/python3.12/dist-packages/IPython/core/pylabtools.py:151: UserWarning: Glyph 2366 (\N{DEVANAGARI VOWEL SIGN AA}) missing from font(s) DejaVu Sans.
4418.9s 1760 fig.canvas.print_figure(bytes_io, **kw)
4418.9s 1761 /usr/local/lib/python3.12/dist-packages/IPython/core/pylabtools.py:151: UserWarning: Glyph 2313 (\N{DEVANAGARI LETTER U}) missing from font(s) DejaVu Sans.
4418.9s 1762 fig.canvas.print_figure(bytes_io, **kw)
4418.9s 1763 /usr/local/lib/python3.12/dist-packages/IPython/core/pylabtools.py:151: UserWarning: Glyph 2346 (\N{DEVANAGARI LETTER PA}) missing from font(s) DejaVu Sans.
4418.9s 1764 fig.canvas.print_figure(bytes_io, **kw)
4418.9s 1765 /usr/local/lib/python3.12/dist-packages/IPython/core/pylabtools.py:151: UserWarning: Glyph 2334 (\N{DEVANAGARI LETTER NYA}) missing from font(s) DejaVu Sans.
4418.9s 1766 fig.canvas.print_figure(bytes_io, **kw)
4418.9s 1767 /usr/local/lib/python3.12/dist-packages/IPython/core/pylabtools.py:151: UserWarning: Glyph 2381 (\N{DEVANAGARI SIGN VIRAMA}) missing from font(s) DejaVu Sans.
4418.9s 1768 fig.canvas.print_figure(bytes_io, **kw)
4418.9s 1769 /usr/local/lib/python3.12/dist-packages/IPython/core/pylabtools.py:151: UserWarning: Glyph 2330 (\N{DEVANAGARI LETTER CA}) missing from font(s) DejaVu Sans.
4418.9s 1770 fig.canvas.print_figure(bytes_io, **kw)
4418.9s 1771 /usr/local/lib/python3.12/dist-packages/IPython/core/pylabtools.py:151: UserWarning: Glyph 2361 (\N{DEVANAGARI LETTER HA}) missing from font(s) DejaVu Sans.
4418.9s 1772 fig.canvas.print_figure(bytes_io, **kw)
4418.9s 1773 /usr/local/lib/python3.12/dist-packages/IPython/core/pylabtools.py:151: UserWarning: Glyph 2352 (\N{DEVANAGARI LETTER RA}) missing from font(s) DejaVu Sans.
4418.9s 1774 fig.canvas.print_figure(bytes_io, **kw)
4418.9s 1775 /usr/local/lib/python3.12/dist-packages/IPython/core/pylabtools.py:151: UserWarning: Glyph 2370 (\N{DEVANAGARI VOWEL SIGN UU}) missing from font(s) DejaVu Sans.
4418.9s 1776 fig.canvas.print_figure(bytes_io, **kw)
4418.9s 1777 /usr/local/lib/python3.12/dist-packages/IPython/core/pylabtools.py:151: UserWarning: Glyph 2354 (\N{DEVANAGARI LETTER LA}) missing from font(s) DejaVu Sans.
4418.9s 1778 fig.canvas.print_figure(bytes_io, **kw)
4418.9s 1779 /usr/local/lib/python3.12/dist-packages/IPython/core/pylabtools.py:151: UserWarning: Glyph 2360 (\N{DEVANAGARI LETTER SA}) missing from font(s) DejaVu Sans.
4418.9s 1780 fig.canvas.print_figure(bytes_io, **kw)
4418.9s 1781 /usr/local/lib/python3.12/dist-packages/IPython/core/pylabtools.py:151: UserWarning: Glyph 2325 (\N{DEVANAGARI LETTER KA}) missing from font(s) DejaVu Sans.
4418.9s 1782 fig.canvas.print_figure(bytes_io, **kw)
4418.9s 1783 /usr/local/lib/python3.12/dist-packages/IPython/core/pylabtools.py:151: UserWarning: Glyph 2376 (\N{DEVANAGARI VOWEL SIGN AI}) missing from font(s) DejaVu Sans.
4418.9s 1784 fig.canvas.print_figure(bytes_io, **kw)
4418.9s 1785 /usr/local/lib/python3.12/dist-packages/IPython/core/pylabtools.py:151: UserWarning: Glyph 2350 (\N{DEVANAGARI LETTER MA}) missing from font(s) DejaVu Sans.
4418.9s 1786 fig.canvas.print_figure(bytes_io, **kw)
4418.9s 1787 /usr/local/lib/python3.12/dist-packages/IPython/core/pylabtools.py:151: UserWarning: Glyph 2368 (\N{DEVANAGARI VOWEL SIGN II}) missing from font(s) DejaVu Sans.
4418.9s 1788 fig.canvas.print_figure(bytes_io, **kw)
4418.9s 1789 /usr/local/lib/python3.12/dist-packages/IPython/core/pylabtools.py:151: UserWarning: Glyph 2340 (\N{DEVANAGARI LETTER TA}) missing from font(s) DejaVu Sans.
4418.9s 1790 fig.canvas.print_figure(bytes_io, **kw)
4418.9s 1791 /usr/local/lib/python3.12/dist-packages/IPython/core/pylabtools.py:151: UserWarning: Glyph 2331 (\N{DEVANAGARI LETTER CHA}) missing from font(s) DejaVu Sans.
4418.9s 1792 fig.canvas.print_figure(bytes_io, **kw)
4418.9s 1793 /usr/local/lib/python3.12/dist-packages/IPython/core/pylabtools.py:151: UserWarning: Glyph 2380 (\N{DEVANAGARI VOWEL SIGN AU}) missing from font(s) DejaVu Sans.
4418.9s 1794 fig.canvas.print_figure(bytes_io, **kw)
4418.9s 1795 /usr/local/lib/python3.12/dist-packages/IPython/core/pylabtools.py:151: UserWarning: Glyph 2306 (\N{DEVANAGARI SIGN ANUSVARA}) missing from font(s) DejaVu Sans.
4418.9s 1796 fig.canvas.print_figure(bytes_io, **kw)
4418.9s 1797 /usr/local/lib/python3.12/dist-packages/IPython/core/pylabtools.py:151: UserWarning: Glyph 2349 (\N{DEVANAGARI LETTER BHA}) missing from font(s) DejaVu Sans.
4418.9s 1798 fig.canvas.print_figure(bytes_io, **kw)
4418.9s 1799 /usr/local/lib/python3.12/dist-packages/IPython/core/pylabtools.py:151: UserWarning: Glyph 2309 (\N{DEVANAGARI LETTER A}) missing from font(s) DejaVu Sans.
4418.9s 1800 fig.canvas.print_figure(bytes_io, **kw)
4418.9s 1801 /usr/local/lib/python3.12/dist-packages/IPython/core/pylabtools.py:151: UserWarning: Glyph 2369 (\N{DEVANAGARI VOWEL SIGN U}) missing from font(s) DejaVu Sans.
4418.9s 1802 fig.canvas.print_figure(bytes_io, **kw)
4418.9s 1803 /usr/local/lib/python3.12/dist-packages/IPython/core/pylabtools.py:151: UserWarning: Glyph 2367 (\N{DEVANAGARI VOWEL SIGN I}) missing from font(s) DejaVu Sans.
4418.9s 1804 fig.canvas.print_figure(bytes_io, **kw)
4418.9s 1805 /usr/local/lib/python3.12/dist-packages/IPython/core/pylabtools.py:151: UserWarning: Glyph 2341 (\N{DEVANAGARI LETTER THA}) missing from font(s) DejaVu Sans.
4418.9s 1806 fig.canvas.print_figure(bytes_io, **kw)
4418.9s 1807 /usr/local/lib/python3.12/dist-packages/IPython/core/pylabtools.py:151: UserWarning: Glyph 2351 (\N{DEVANAGARI LETTER YA}) missing from font(s) DejaVu Sans.
4418.9s 1808 fig.canvas.print_figure(bytes_io, **kw)
4418.9s 1809 /usr/local/lib/python3.12/dist-packages/IPython/core/pylabtools.py:151: UserWarning: Glyph 2379 (\N{DEVANAGARI VOWEL SIGN O}) missing from font(s) DejaVu Sans.
4418.9s 1810 fig.canvas.print_figure(bytes_io, **kw)
4418.9s 1811 /usr/local/lib/python3.12/dist-packages/IPython/core/pylabtools.py:151: UserWarning: Glyph 2357 (\N{DEVANAGARI LETTER VA}) missing from font(s) DejaVu Sans.
4418.9s 1812 fig.canvas.print_figure(bytes_io, **kw)
4418.9s 1813 /usr/local/lib/python3.12/dist-packages/IPython/core/pylabtools.py:151: UserWarning: Glyph 2332 (\N{DEVANAGARI LETTER JA}) missing from font(s) DejaVu Sans.
4418.9s 1814 fig.canvas.print_figure(bytes_io, **kw)
4418.9s 1815 /usr/local/lib/python3.12/dist-packages/IPython/core/pylabtools.py:151: UserWarning: Glyph 2339 (\N{DEVANAGARI LETTER NNA}) missing from font(s) DejaVu Sans.
4418.9s 1816 fig.canvas.print_figure(bytes_io, **kw)
4418.9s 1817 /usr/local/lib/python3.12/dist-packages/IPython/core/pylabtools.py:151: UserWarning: Glyph 2327 (\N{DEVANAGARI LETTER GA}) missing from font(s) DejaVu Sans.
4418.9s 1818 fig.canvas.print_figure(bytes_io, **kw)
4418.9s 1819 /usr/local/lib/python3.12/dist-packages/IPython/core/pylabtools.py:151: UserWarning: Glyph 2305 (\N{DEVANAGARI SIGN CANDRABINDU}) missing from font(s) DejaVu Sans.
4418.9s 1820 fig.canvas.print_figure(bytes_io, **kw)
4418.9s 1821 /usr/local/lib/python3.12/dist-packages/IPython/core/pylabtools.py:151: UserWarning: Glyph 2326 (\N{DEVANAGARI LETTER KHA}) missing from font(s) DejaVu Sans.
4418.9s 1822 fig.canvas.print_figure(bytes_io, **kw)
4418.9s 1823 /usr/local/lib/python3.12/dist-packages/IPython/core/pylabtools.py:151: UserWarning: Glyph 2335 (\N{DEVANAGARI LETTER TTA}) missing from font(s) DejaVu Sans.
4418.9s 1824 fig.canvas.print_figure(bytes_io, **kw)
4418.9s 1825 /usr/local/lib/python3.12/dist-packages/IPython/core/pylabtools.py:151: UserWarning: Glyph 2404 (\N{DEVANAGARI DANDA}) missing from font(s) DejaVu Sans.
4418.9s 1826 fig.canvas.print_figure(bytes_io, **kw)
4418.9s 1827 /usr/local/lib/python3.12/dist-packages/IPython/core/pylabtools.py:151: UserWarning: Glyph 2319 (\N{DEVANAGARI LETTER E}) missing from font(s) DejaVu Sans.
4418.9s 1828 fig.canvas.print_figure(bytes_io, **kw)
4419.3s 1829 /tmp/ipykernel_23/2658116302.py:26: UserWarning: Glyph 2342 (\N{DEVANAGARI LETTER DA}) missing from font(s) DejaVu Sans.
4419.3s 1830 plt.tight_layout()
4419.3s 1831 /tmp/ipykernel_23/2658116302.py:26: UserWarning: Matplotlib currently does not support Devanagari natively.
4419.3s 1832 plt.tight_layout()
4419.3s 1833 /tmp/ipykernel_23/2658116302.py:26: UserWarning: Glyph 2375 (\N{DEVANAGARI VOWEL SIGN E}) missing from font(s) DejaVu Sans.
4419.3s 1834 plt.tight_layout()
4419.3s 1835 /tmp/ipykernel_23/2658116302.py:26: UserWarning: Glyph 2358 (\N{DEVANAGARI LETTER SHA}) missing from font(s) DejaVu Sans.
4419.3s 1836 plt.tight_layout()
4419.3s 1837 /tmp/ipykernel_23/2658116302.py:26: UserWarning: Glyph 2348 (\N{DEVANAGARI LETTER BA}) missing from font(s) DejaVu Sans.
4419.3s 1838 plt.tight_layout()
4419.3s 1839 /tmp/ipykernel_23/2658116302.py:26: UserWarning: Glyph 2344 (\N{DEVANAGARI LETTER NA}) missing from font(s) DejaVu Sans.
4419.3s 1840 plt.tight_layout()
4419.3s 1841 /tmp/ipykernel_23/2658116302.py:26: UserWarning: Glyph 2366 (\N{DEVANAGARI VOWEL SIGN AA}) missing from font(s) DejaVu Sans.
4419.3s 1842 plt.tight_layout()
4419.3s 1843 /tmp/ipykernel_23/2658116302.py:26: UserWarning: Glyph 2313 (\N{DEVANAGARI LETTER U}) missing from font(s) DejaVu Sans.
4419.3s 1844 plt.tight_layout()
4419.3s 1845 /tmp/ipykernel_23/2658116302.py:26: UserWarning: Glyph 2346 (\N{DEVANAGARI LETTER PA}) missing from font(s) DejaVu Sans.
4419.3s 1846 plt.tight_layout()
4419.3s 1847 /tmp/ipykernel_23/2658116302.py:26: UserWarning: Glyph 2334 (\N{DEVANAGARI LETTER NYA}) missing from font(s) DejaVu Sans.
4419.3s 1848 plt.tight_layout()
4419.3s 1849 /tmp/ipykernel_23/2658116302.py:26: UserWarning: Glyph 2381 (\N{DEVANAGARI SIGN VIRAMA}) missing from font(s) DejaVu Sans.
4419.3s 1850 plt.tight_layout()
4419.3s 1851 /tmp/ipykernel_23/2658116302.py:26: UserWarning: Glyph 2330 (\N{DEVANAGARI LETTER CA}) missing from font(s) DejaVu Sans.
4419.3s 1852 plt.tight_layout()
4419.3s 1853 /tmp/ipykernel_23/2658116302.py:26: UserWarning: Glyph 2361 (\N{DEVANAGARI LETTER HA}) missing from font(s) DejaVu Sans.
4419.3s 1854 plt.tight_layout()
4419.3s 1855 /tmp/ipykernel_23/2658116302.py:26: UserWarning: Glyph 2352 (\N{DEVANAGARI LETTER RA}) missing from font(s) DejaVu Sans.
4419.3s 1856 plt.tight_layout()
4419.3s 1857 /tmp/ipykernel_23/2658116302.py:26: UserWarning: Glyph 2370 (\N{DEVANAGARI VOWEL SIGN UU}) missing from font(s) DejaVu Sans.
4419.3s 1858 plt.tight_layout()
4419.3s 1859 /tmp/ipykernel_23/2658116302.py:26: UserWarning: Glyph 2354 (\N{DEVANAGARI LETTER LA}) missing from font(s) DejaVu Sans.
4419.3s 1860 plt.tight_layout()
4419.3s 1861 /tmp/ipykernel_23/2658116302.py:26: UserWarning: Glyph 2360 (\N{DEVANAGARI LETTER SA}) missing from font(s) DejaVu Sans.
4419.3s 1862 plt.tight_layout()
4419.3s 1863 /tmp/ipykernel_23/2658116302.py:26: UserWarning: Glyph 2325 (\N{DEVANAGARI LETTER KA}) missing from font(s) DejaVu Sans.
4419.3s 1864 plt.tight_layout()
4419.3s 1865 /tmp/ipykernel_23/2658116302.py:26: UserWarning: Glyph 2376 (\N{DEVANAGARI VOWEL SIGN AI}) missing from font(s) DejaVu Sans.
4419.3s 1866 plt.tight_layout()
4419.3s 1867 /tmp/ipykernel_23/2658116302.py:26: UserWarning: Glyph 2350 (\N{DEVANAGARI LETTER MA}) missing from font(s) DejaVu Sans.
4419.3s 1868 plt.tight_layout()
4419.3s 1869 /tmp/ipykernel_23/2658116302.py:26: UserWarning: Glyph 2368 (\N{DEVANAGARI VOWEL SIGN II}) missing from font(s) DejaVu Sans.
4419.3s 1870 plt.tight_layout()
4419.3s 1871 /tmp/ipykernel_23/2658116302.py:26: UserWarning: Glyph 2340 (\N{DEVANAGARI LETTER TA}) missing from font(s) DejaVu Sans.
4419.3s 1872 plt.tight_layout()
4419.3s 1873 /tmp/ipykernel_23/2658116302.py:26: UserWarning: Glyph 2331 (\N{DEVANAGARI LETTER CHA}) missing from font(s) DejaVu Sans.
4419.3s 1874 plt.tight_layout()
4419.3s 1875 /tmp/ipykernel_23/2658116302.py:26: UserWarning: Glyph 2380 (\N{DEVANAGARI VOWEL SIGN AU}) missing from font(s) DejaVu Sans.
4419.3s 1876 plt.tight_layout()
4419.3s 1877 /tmp/ipykernel_23/2658116302.py:26: UserWarning: Glyph 2306 (\N{DEVANAGARI SIGN ANUSVARA}) missing from font(s) DejaVu Sans.
4419.3s 1878 plt.tight_layout()
4419.3s 1879 /tmp/ipykernel_23/2658116302.py:26: UserWarning: Glyph 2349 (\N{DEVANAGARI LETTER BHA}) missing from font(s) DejaVu Sans.
4419.3s 1880 plt.tight_layout()
4419.3s 1881 /tmp/ipykernel_23/2658116302.py:26: UserWarning: Glyph 2309 (\N{DEVANAGARI LETTER A}) missing from font(s) DejaVu Sans.
4419.3s 1882 plt.tight_layout()
4419.3s 1883 /tmp/ipykernel_23/2658116302.py:26: UserWarning: Glyph 2369 (\N{DEVANAGARI VOWEL SIGN U}) missing from font(s) DejaVu Sans.
4419.3s 1884 plt.tight_layout()
4419.3s 1885 /tmp/ipykernel_23/2658116302.py:26: UserWarning: Glyph 2367 (\N{DEVANAGARI VOWEL SIGN I}) missing from font(s) DejaVu Sans.
4419.3s 1886 plt.tight_layout()
4419.3s 1887 /tmp/ipykernel_23/2658116302.py:26: UserWarning: Glyph 2341 (\N{DEVANAGARI LETTER THA}) missing from font(s) DejaVu Sans.
4419.3s 1888 plt.tight_layout()
4419.3s 1889 /tmp/ipykernel_23/2658116302.py:26: UserWarning: Glyph 2351 (\N{DEVANAGARI LETTER YA}) missing from font(s) DejaVu Sans.
4419.3s 1890 plt.tight_layout()
4419.3s 1891 /tmp/ipykernel_23/2658116302.py:26: UserWarning: Glyph 2379 (\N{DEVANAGARI VOWEL SIGN O}) missing from font(s) DejaVu Sans.
4419.3s 1892 plt.tight_layout()
4419.3s 1893 /tmp/ipykernel_23/2658116302.py:26: UserWarning: Glyph 2357 (\N{DEVANAGARI LETTER VA}) missing from font(s) DejaVu Sans.
4419.3s 1894 plt.tight_layout()
4419.3s 1895 /tmp/ipykernel_23/2658116302.py:26: UserWarning: Glyph 2332 (\N{DEVANAGARI LETTER JA}) missing from font(s) DejaVu Sans.
4419.3s 1896 plt.tight_layout()
4419.3s 1897 /tmp/ipykernel_23/2658116302.py:26: UserWarning: Glyph 2339 (\N{DEVANAGARI LETTER NNA}) missing from font(s) DejaVu Sans.
4419.3s 1898 plt.tight_layout()
4419.3s 1899 /tmp/ipykernel_23/2658116302.py:26: UserWarning: Glyph 2327 (\N{DEVANAGARI LETTER GA}) missing from font(s) DejaVu Sans.
4419.3s 1900 plt.tight_layout()
4419.3s 1901 /tmp/ipykernel_23/2658116302.py:26: UserWarning: Glyph 2305 (\N{DEVANAGARI SIGN CANDRABINDU}) missing from font(s) DejaVu Sans.
4419.3s 1902 plt.tight_layout()
4419.3s 1903 /tmp/ipykernel_23/2658116302.py:26: UserWarning: Glyph 2326 (\N{DEVANAGARI LETTER KHA}) missing from font(s) DejaVu Sans.
4419.3s 1904 plt.tight_layout()
4419.3s 1905 /tmp/ipykernel_23/2658116302.py:26: UserWarning: Glyph 2335 (\N{DEVANAGARI LETTER TTA}) missing from font(s) DejaVu Sans.
4419.3s 1906 plt.tight_layout()
4419.3s 1907 /tmp/ipykernel_23/2658116302.py:26: UserWarning: Glyph 2404 (\N{DEVANAGARI DANDA}) missing from font(s) DejaVu Sans.
4419.3s 1908 plt.tight_layout()
4419.3s 1909 /tmp/ipykernel_23/2658116302.py:26: UserWarning: Glyph 2319 (\N{DEVANAGARI LETTER E}) missing from font(s) DejaVu Sans.
4419.3s 1910 plt.tight_layout()
4419.3s 1911 /usr/local/lib/python3.12/dist-packages/IPython/core/pylabtools.py:151: UserWarning: Glyph 2342 (\N{DEVANAGARI LETTER DA}) missing from font(s) DejaVu Sans.
4419.3s 1912 fig.canvas.print_figure(bytes_io, **kw)
4419.3s 1913 /usr/local/lib/python3.12/dist-packages/IPython/core/pylabtools.py:151: UserWarning: Matplotlib currently does not support Devanagari natively.
4419.3s 1914 fig.canvas.print_figure(bytes_io, **kw)
4419.3s 1915 /usr/local/lib/python3.12/dist-packages/IPython/core/pylabtools.py:151: UserWarning: Glyph 2375 (\N{DEVANAGARI VOWEL SIGN E}) missing from font(s) DejaVu Sans.
4419.3s 1916 fig.canvas.print_figure(bytes_io, **kw)
4419.3s 1917 /usr/local/lib/python3.12/dist-packages/IPython/core/pylabtools.py:151: UserWarning: Glyph 2358 (\N{DEVANAGARI LETTER SHA}) missing from font(s) DejaVu Sans.
4419.3s 1918 fig.canvas.print_figure(bytes_io, **kw)
4419.3s 1919 /usr/local/lib/python3.12/dist-packages/IPython/core/pylabtools.py:151: UserWarning: Glyph 2348 (\N{DEVANAGARI LETTER BA}) missing from font(s) DejaVu Sans.
4419.3s 1920 fig.canvas.print_figure(bytes_io, **kw)
4419.3s 1921 /usr/local/lib/python3.12/dist-packages/IPython/core/pylabtools.py:151: UserWarning: Glyph 2344 (\N{DEVANAGARI LETTER NA}) missing from font(s) DejaVu Sans.
4419.3s 1922 fig.canvas.print_figure(bytes_io, **kw)
4419.3s 1923 /usr/local/lib/python3.12/dist-packages/IPython/core/pylabtools.py:151: UserWarning: Glyph 2366 (\N{DEVANAGARI VOWEL SIGN AA}) missing from font(s) DejaVu Sans.
4419.3s 1924 fig.canvas.print_figure(bytes_io, **kw)
4419.3s 1925 /usr/local/lib/python3.12/dist-packages/IPython/core/pylabtools.py:151: UserWarning: Glyph 2313 (\N{DEVANAGARI LETTER U}) missing from font(s) DejaVu Sans.
4419.3s 1926 fig.canvas.print_figure(bytes_io, **kw)
4419.3s 1927 /usr/local/lib/python3.12/dist-packages/IPython/core/pylabtools.py:151: UserWarning: Glyph 2346 (\N{DEVANAGARI LETTER PA}) missing from font(s) DejaVu Sans.
4419.3s 1928 fig.canvas.print_figure(bytes_io, **kw)
4419.3s 1929 /usr/local/lib/python3.12/dist-packages/IPython/core/pylabtools.py:151: UserWarning: Glyph 2334 (\N{DEVANAGARI LETTER NYA}) missing from font(s) DejaVu Sans.
4419.3s 1930 fig.canvas.print_figure(bytes_io, **kw)
4419.3s 1931 /usr/local/lib/python3.12/dist-packages/IPython/core/pylabtools.py:151: UserWarning: Glyph 2381 (\N{DEVANAGARI SIGN VIRAMA}) missing from font(s) DejaVu Sans.
4419.3s 1932 fig.canvas.print_figure(bytes_io, **kw)
4419.3s 1933 /usr/local/lib/python3.12/dist-packages/IPython/core/pylabtools.py:151: UserWarning: Glyph 2330 (\N{DEVANAGARI LETTER CA}) missing from font(s) DejaVu Sans.
4419.3s 1934 fig.canvas.print_figure(bytes_io, **kw)
4419.3s 1935 /usr/local/lib/python3.12/dist-packages/IPython/core/pylabtools.py:151: UserWarning: Glyph 2361 (\N{DEVANAGARI LETTER HA}) missing from font(s) DejaVu Sans.
4419.3s 1936 fig.canvas.print_figure(bytes_io, **kw)
4419.3s 1937 /usr/local/lib/python3.12/dist-packages/IPython/core/pylabtools.py:151: UserWarning: Glyph 2352 (\N{DEVANAGARI LETTER RA}) missing from font(s) DejaVu Sans.
4419.3s 1938 fig.canvas.print_figure(bytes_io, **kw)
4419.3s 1939 /usr/local/lib/python3.12/dist-packages/IPython/core/pylabtools.py:151: UserWarning: Glyph 2370 (\N{DEVANAGARI VOWEL SIGN UU}) missing from font(s) DejaVu Sans.
4419.3s 1940 fig.canvas.print_figure(bytes_io, **kw)
4419.3s 1941 /usr/local/lib/python3.12/dist-packages/IPython/core/pylabtools.py:151: UserWarning: Glyph 2354 (\N{DEVANAGARI LETTER LA}) missing from font(s) DejaVu Sans.
4419.3s 1942 fig.canvas.print_figure(bytes_io, **kw)
4419.3s 1943 /usr/local/lib/python3.12/dist-packages/IPython/core/pylabtools.py:151: UserWarning: Glyph 2360 (\N{DEVANAGARI LETTER SA}) missing from font(s) DejaVu Sans.
4419.3s 1944 fig.canvas.print_figure(bytes_io, **kw)
4419.3s 1945 /usr/local/lib/python3.12/dist-packages/IPython/core/pylabtools.py:151: UserWarning: Glyph 2325 (\N{DEVANAGARI LETTER KA}) missing from font(s) DejaVu Sans.
4419.3s 1946 fig.canvas.print_figure(bytes_io, **kw)
4419.3s 1947 /usr/local/lib/python3.12/dist-packages/IPython/core/pylabtools.py:151: UserWarning: Glyph 2376 (\N{DEVANAGARI VOWEL SIGN AI}) missing from font(s) DejaVu Sans.
4419.3s 1948 fig.canvas.print_figure(bytes_io, **kw)
4419.3s 1949 /usr/local/lib/python3.12/dist-packages/IPython/core/pylabtools.py:151: UserWarning: Glyph 2350 (\N{DEVANAGARI LETTER MA}) missing from font(s) DejaVu Sans.
4419.3s 1950 fig.canvas.print_figure(bytes_io, **kw)
4419.3s 1951 /usr/local/lib/python3.12/dist-packages/IPython/core/pylabtools.py:151: UserWarning: Glyph 2368 (\N{DEVANAGARI VOWEL SIGN II}) missing from font(s) DejaVu Sans.
4419.3s 1952 fig.canvas.print_figure(bytes_io, **kw)
4419.3s 1953 /usr/local/lib/python3.12/dist-packages/IPython/core/pylabtools.py:151: UserWarning: Glyph 2340 (\N{DEVANAGARI LETTER TA}) missing from font(s) DejaVu Sans.
4419.3s 1954 fig.canvas.print_figure(bytes_io, **kw)
4419.3s 1955 /usr/local/lib/python3.12/dist-packages/IPython/core/pylabtools.py:151: UserWarning: Glyph 2331 (\N{DEVANAGARI LETTER CHA}) missing from font(s) DejaVu Sans.
4419.3s 1956 fig.canvas.print_figure(bytes_io, **kw)
4419.3s 1957 /usr/local/lib/python3.12/dist-packages/IPython/core/pylabtools.py:151: UserWarning: Glyph 2380 (\N{DEVANAGARI VOWEL SIGN AU}) missing from font(s) DejaVu Sans.
4419.3s 1958 fig.canvas.print_figure(bytes_io, **kw)
4419.3s 1959 /usr/local/lib/python3.12/dist-packages/IPython/core/pylabtools.py:151: UserWarning: Glyph 2306 (\N{DEVANAGARI SIGN ANUSVARA}) missing from font(s) DejaVu Sans.
4419.3s 1960 fig.canvas.print_figure(bytes_io, **kw)
4419.3s 1961 /usr/local/lib/python3.12/dist-packages/IPython/core/pylabtools.py:151: UserWarning: Glyph 2349 (\N{DEVANAGARI LETTER BHA}) missing from font(s) DejaVu Sans.
4419.3s 1962 fig.canvas.print_figure(bytes_io, **kw)
4419.3s 1963 /usr/local/lib/python3.12/dist-packages/IPython/core/pylabtools.py:151: UserWarning: Glyph 2309 (\N{DEVANAGARI LETTER A}) missing from font(s) DejaVu Sans.
4419.3s 1964 fig.canvas.print_figure(bytes_io, **kw)
4419.3s 1965 /usr/local/lib/python3.12/dist-packages/IPython/core/pylabtools.py:151: UserWarning: Glyph 2369 (\N{DEVANAGARI VOWEL SIGN U}) missing from font(s) DejaVu Sans.
4419.3s 1966 fig.canvas.print_figure(bytes_io, **kw)
4419.3s 1967 /usr/local/lib/python3.12/dist-packages/IPython/core/pylabtools.py:151: UserWarning: Glyph 2367 (\N{DEVANAGARI VOWEL SIGN I}) missing from font(s) DejaVu Sans.
4419.3s 1968 fig.canvas.print_figure(bytes_io, **kw)
4419.3s 1969 /usr/local/lib/python3.12/dist-packages/IPython/core/pylabtools.py:151: UserWarning: Glyph 2341 (\N{DEVANAGARI LETTER THA}) missing from font(s) DejaVu Sans.
4419.3s 1970 fig.canvas.print_figure(bytes_io, **kw)
4419.3s 1971 /usr/local/lib/python3.12/dist-packages/IPython/core/pylabtools.py:151: UserWarning: Glyph 2351 (\N{DEVANAGARI LETTER YA}) missing from font(s) DejaVu Sans.
4419.3s 1972 fig.canvas.print_figure(bytes_io, **kw)
4419.3s 1973 /usr/local/lib/python3.12/dist-packages/IPython/core/pylabtools.py:151: UserWarning: Glyph 2379 (\N{DEVANAGARI VOWEL SIGN O}) missing from font(s) DejaVu Sans.
4419.3s 1974 fig.canvas.print_figure(bytes_io, **kw)
4419.3s 1975 /usr/local/lib/python3.12/dist-packages/IPython/core/pylabtools.py:151: UserWarning: Glyph 2357 (\N{DEVANAGARI LETTER VA}) missing from font(s) DejaVu Sans.
4419.3s 1976 fig.canvas.print_figure(bytes_io, **kw)
4419.3s 1977 /usr/local/lib/python3.12/dist-packages/IPython/core/pylabtools.py:151: UserWarning: Glyph 2332 (\N{DEVANAGARI LETTER JA}) missing from font(s) DejaVu Sans.
4419.3s 1978 fig.canvas.print_figure(bytes_io, **kw)
4419.3s 1979 /usr/local/lib/python3.12/dist-packages/IPython/core/pylabtools.py:151: UserWarning: Glyph 2339 (\N{DEVANAGARI LETTER NNA}) missing from font(s) DejaVu Sans.
4419.3s 1980 fig.canvas.print_figure(bytes_io, **kw)
4419.3s 1981 /usr/local/lib/python3.12/dist-packages/IPython/core/pylabtools.py:151: UserWarning: Glyph 2327 (\N{DEVANAGARI LETTER GA}) missing from font(s) DejaVu Sans.
4419.3s 1982 fig.canvas.print_figure(bytes_io, **kw)
4419.3s 1983 /usr/local/lib/python3.12/dist-packages/IPython/core/pylabtools.py:151: UserWarning: Glyph 2305 (\N{DEVANAGARI SIGN CANDRABINDU}) missing from font(s) DejaVu Sans.
4419.3s 1984 fig.canvas.print_figure(bytes_io, **kw)
4419.3s 1985 /usr/local/lib/python3.12/dist-packages/IPython/core/pylabtools.py:151: UserWarning: Glyph 2326 (\N{DEVANAGARI LETTER KHA}) missing from font(s) DejaVu Sans.
4419.3s 1986 fig.canvas.print_figure(bytes_io, **kw)
4419.3s 1987 /usr/local/lib/python3.12/dist-packages/IPython/core/pylabtools.py:151: UserWarning: Glyph 2335 (\N{DEVANAGARI LETTER TTA}) missing from font(s) DejaVu Sans.
4419.3s 1988 fig.canvas.print_figure(bytes_io, **kw)
4419.3s 1989 /usr/local/lib/python3.12/dist-packages/IPython/core/pylabtools.py:151: UserWarning: Glyph 2404 (\N{DEVANAGARI DANDA}) missing from font(s) DejaVu Sans.
4419.3s 1990 fig.canvas.print_figure(bytes_io, **kw)
4419.3s 1991 /usr/local/lib/python3.12/dist-packages/IPython/core/pylabtools.py:151: UserWarning: Glyph 2319 (\N{DEVANAGARI LETTER E}) missing from font(s) DejaVu Sans.
4419.3s 1992 fig.canvas.print_figure(bytes_io, **kw)
4419.3s 1993 
4419.3s 1994 /tmp/ipykernel_23/2658116302.py:26: UserWarning: Glyph 2342 (\N{DEVANAGARI LETTER DA}) missing from font(s) DejaVu Sans.
4419.3s 1995 plt.tight_layout()
4419.3s 1996 /tmp/ipykernel_23/2658116302.py:26: UserWarning: Matplotlib currently does not support Devanagari natively.
4419.3s 1997 plt.tight_layout()
4419.3s 1998 /tmp/ipykernel_23/2658116302.py:26: UserWarning: Glyph 2375 (\N{DEVANAGARI VOWEL SIGN E}) missing from font(s) DejaVu Sans.
4419.3s 1999 plt.tight_layout()
4419.3s 2000 /tmp/ipykernel_23/2658116302.py:26: UserWarning: Glyph 2358 (\N{DEVANAGARI LETTER SHA}) missing from font(s) DejaVu Sans.
4419.3s 2001 plt.tight_layout()
4419.3s 2002 /tmp/ipykernel_23/2658116302.py:26: UserWarning: Glyph 2348 (\N{DEVANAGARI LETTER BA}) missing from font(s) DejaVu Sans.
4419.3s 2003 plt.tight_layout()
4419.3s 2004 /tmp/ipykernel_23/2658116302.py:26: UserWarning: Glyph 2344 (\N{DEVANAGARI LETTER NA}) missing from font(s) DejaVu Sans.
4419.3s 2005 plt.tight_layout()
4419.3s 2006 /tmp/ipykernel_23/2658116302.py:26: UserWarning: Glyph 2366 (\N{DEVANAGARI VOWEL SIGN AA}) missing from font(s) DejaVu Sans.
4419.3s 2007 plt.tight_layout()
4419.3s 2008 /tmp/ipykernel_23/2658116302.py:26: UserWarning: Glyph 2313 (\N{DEVANAGARI LETTER U}) missing from font(s) DejaVu Sans.
4419.3s 2009 plt.tight_layout()
4419.3s 2010 /tmp/ipykernel_23/2658116302.py:26: UserWarning: Glyph 2346 (\N{DEVANAGARI LETTER PA}) missing from font(s) DejaVu Sans.
4419.3s 2011 plt.tight_layout()
4419.3s 2012 /tmp/ipykernel_23/2658116302.py:26: UserWarning: Glyph 2334 (\N{DEVANAGARI LETTER NYA}) missing from font(s) DejaVu Sans.
4419.3s 2013 plt.tight_layout()
4419.3s 2014 /tmp/ipykernel_23/2658116302.py:26: UserWarning: Glyph 2381 (\N{DEVANAGARI SIGN VIRAMA}) missing from font(s) DejaVu Sans.
4419.3s 2015 plt.tight_layout()
4419.3s 2016 /tmp/ipykernel_23/2658116302.py:26: UserWarning: Glyph 2330 (\N{DEVANAGARI LETTER CA}) missing from font(s) DejaVu Sans.
4419.3s 2017 plt.tight_layout()
4419.3s 2018 /tmp/ipykernel_23/2658116302.py:26: UserWarning: Glyph 2361 (\N{DEVANAGARI LETTER HA}) missing from font(s) DejaVu Sans.
4419.3s 2019 plt.tight_layout()
4419.3s 2020 /tmp/ipykernel_23/2658116302.py:26: UserWarning: Glyph 2352 (\N{DEVANAGARI LETTER RA}) missing from font(s) DejaVu Sans.
4419.3s 2021 plt.tight_layout()
4419.3s 2022 /tmp/ipykernel_23/2658116302.py:26: UserWarning: Glyph 2370 (\N{DEVANAGARI VOWEL SIGN UU}) missing from font(s) DejaVu Sans.
4419.3s 2023 plt.tight_layout()
4419.3s 2024 /tmp/ipykernel_23/2658116302.py:26: UserWarning: Glyph 2354 (\N{DEVANAGARI LETTER LA}) missing from font(s) DejaVu Sans.
4419.3s 2025 plt.tight_layout()
4419.3s 2026 /tmp/ipykernel_23/2658116302.py:26: UserWarning: Glyph 2360 (\N{DEVANAGARI LETTER SA}) missing from font(s) DejaVu Sans.
4419.3s 2027 plt.tight_layout()
4419.3s 2028 /tmp/ipykernel_23/2658116302.py:26: UserWarning: Glyph 2325 (\N{DEVANAGARI LETTER KA}) missing from font(s) DejaVu Sans.
4419.3s 2029 plt.tight_layout()
4419.3s 2030 /tmp/ipykernel_23/2658116302.py:26: UserWarning: Glyph 2376 (\N{DEVANAGARI VOWEL SIGN AI}) missing from font(s) DejaVu Sans.
4419.3s 2031 plt.tight_layout()
4419.3s 2032 /tmp/ipykernel_23/2658116302.py:26: UserWarning: Glyph 2350 (\N{DEVANAGARI LETTER MA}) missing from font(s) DejaVu Sans.
4419.3s 2033 plt.tight_layout()
4419.3s 2034 /tmp/ipykernel_23/2658116302.py:26: UserWarning: Glyph 2368 (\N{DEVANAGARI VOWEL SIGN II}) missing from font(s) DejaVu Sans.
4419.3s 2035 plt.tight_layout()
4419.3s 2036 /tmp/ipykernel_23/2658116302.py:26: UserWarning: Glyph 2340 (\N{DEVANAGARI LETTER TA}) missing from font(s) DejaVu Sans.
4419.3s 2037 plt.tight_layout()
4419.3s 2038 /tmp/ipykernel_23/2658116302.py:26: UserWarning: Glyph 2331 (\N{DEVANAGARI LETTER CHA}) missing from font(s) DejaVu Sans.
4419.3s 2039 plt.tight_layout()
4419.3s 2040 /tmp/ipykernel_23/2658116302.py:26: UserWarning: Glyph 2380 (\N{DEVANAGARI VOWEL SIGN AU}) missing from font(s) DejaVu Sans.
4419.3s 2041 plt.tight_layout()
4419.3s 2042 /tmp/ipykernel_23/2658116302.py:26: UserWarning: Glyph 2306 (\N{DEVANAGARI SIGN ANUSVARA}) missing from font(s) DejaVu Sans.
4419.3s 2043 plt.tight_layout()
4419.3s 2044 /tmp/ipykernel_23/2658116302.py:26: UserWarning: Glyph 2349 (\N{DEVANAGARI LETTER BHA}) missing from font(s) DejaVu Sans.
4419.3s 2045 plt.tight_layout()
4419.3s 2046 /tmp/ipykernel_23/2658116302.py:26: UserWarning: Glyph 2309 (\N{DEVANAGARI LETTER A}) missing from font(s) DejaVu Sans.
4419.3s 2047 plt.tight_layout()
4419.3s 2048 /tmp/ipykernel_23/2658116302.py:26: UserWarning: Glyph 2369 (\N{DEVANAGARI VOWEL SIGN U}) missing from font(s) DejaVu Sans.
4419.3s 2049 plt.tight_layout()
4419.3s 2050 /tmp/ipykernel_23/2658116302.py:26: UserWarning: Glyph 2367 (\N{DEVANAGARI VOWEL SIGN I}) missing from font(s) DejaVu Sans.
4419.3s 2051 plt.tight_layout()
4419.3s 2052 /tmp/ipykernel_23/2658116302.py:26: UserWarning: Glyph 2341 (\N{DEVANAGARI LETTER THA}) missing from font(s) DejaVu Sans.
4419.3s 2053 plt.tight_layout()
4419.3s 2054 /tmp/ipykernel_23/2658116302.py:26: UserWarning: Glyph 2351 (\N{DEVANAGARI LETTER YA}) missing from font(s) DejaVu Sans.
4419.3s 2055 plt.tight_layout()
4419.3s 2056 /tmp/ipykernel_23/2658116302.py:26: UserWarning: Glyph 2379 (\N{DEVANAGARI VOWEL SIGN O}) missing from font(s) DejaVu Sans.
4419.3s 2057 plt.tight_layout()
4419.3s 2058 /tmp/ipykernel_23/2658116302.py:26: UserWarning: Glyph 2357 (\N{DEVANAGARI LETTER VA}) missing from font(s) DejaVu Sans.
4419.3s 2059 plt.tight_layout()
4419.3s 2060 /tmp/ipykernel_23/2658116302.py:26: UserWarning: Glyph 2332 (\N{DEVANAGARI LETTER JA}) missing from font(s) DejaVu Sans.
4419.3s 2061 plt.tight_layout()
4419.3s 2062 /tmp/ipykernel_23/2658116302.py:26: UserWarning: Glyph 2339 (\N{DEVANAGARI LETTER NNA}) missing from font(s) DejaVu Sans.
4419.3s 2063 plt.tight_layout()
4419.3s 2064 /tmp/ipykernel_23/2658116302.py:26: UserWarning: Glyph 2327 (\N{DEVANAGARI LETTER GA}) missing from font(s) DejaVu Sans.
4419.3s 2065 plt.tight_layout()
4419.3s 2066 /tmp/ipykernel_23/2658116302.py:26: UserWarning: Glyph 2305 (\N{DEVANAGARI SIGN CANDRABINDU}) missing from font(s) DejaVu Sans.
4419.3s 2067 plt.tight_layout()
4419.3s 2068 /tmp/ipykernel_23/2658116302.py:26: UserWarning: Glyph 2326 (\N{DEVANAGARI LETTER KHA}) missing from font(s) DejaVu Sans.
4419.3s 2069 plt.tight_layout()
4419.3s 2070 /tmp/ipykernel_23/2658116302.py:26: UserWarning: Glyph 2335 (\N{DEVANAGARI LETTER TTA}) missing from font(s) DejaVu Sans.
4419.3s 2071 plt.tight_layout()
4419.3s 2072 /tmp/ipykernel_23/2658116302.py:26: UserWarning: Glyph 2404 (\N{DEVANAGARI DANDA}) missing from font(s) DejaVu Sans.
4419.3s 2073 plt.tight_layout()
4419.3s 2074 /tmp/ipykernel_23/2658116302.py:26: UserWarning: Glyph 2319 (\N{DEVANAGARI LETTER E}) missing from font(s) DejaVu Sans.
4419.3s 2075 plt.tight_layout()
4419.3s 2076 /usr/local/lib/python3.12/dist-packages/IPython/core/pylabtools.py:151: UserWarning: Glyph 2342 (\N{DEVANAGARI LETTER DA}) missing from font(s) DejaVu Sans.
4419.3s 2077 fig.canvas.print_figure(bytes_io, **kw)
4419.3s 2078 /usr/local/lib/python3.12/dist-packages/IPython/core/pylabtools.py:151: UserWarning: Matplotlib currently does not support Devanagari natively.
4419.3s 2079 fig.canvas.print_figure(bytes_io, **kw)
4419.3s 2080 /usr/local/lib/python3.12/dist-packages/IPython/core/pylabtools.py:151: UserWarning: Glyph 2375 (\N{DEVANAGARI VOWEL SIGN E}) missing from font(s) DejaVu Sans.
4419.3s 2081 fig.canvas.print_figure(bytes_io, **kw)
4419.3s 2082 /usr/local/lib/python3.12/dist-packages/IPython/core/pylabtools.py:151: UserWarning: Glyph 2358 (\N{DEVANAGARI LETTER SHA}) missing from font(s) DejaVu Sans.
4419.3s 2083 fig.canvas.print_figure(bytes_io, **kw)
4419.3s 2084 /usr/local/lib/python3.12/dist-packages/IPython/core/pylabtools.py:151: UserWarning: Glyph 2348 (\N{DEVANAGARI LETTER BA}) missing from font(s) DejaVu Sans.
4419.3s 2085 fig.canvas.print_figure(bytes_io, **kw)
4419.3s 2086 /usr/local/lib/python3.12/dist-packages/IPython/core/pylabtools.py:151: UserWarning: Glyph 2344 (\N{DEVANAGARI LETTER NA}) missing from font(s) DejaVu Sans.
4419.3s 2087 fig.canvas.print_figure(bytes_io, **kw)
4419.3s 2088 /usr/local/lib/python3.12/dist-packages/IPython/core/pylabtools.py:151: UserWarning: Glyph 2366 (\N{DEVANAGARI VOWEL SIGN AA}) missing from font(s) DejaVu Sans.
4419.3s 2089 fig.canvas.print_figure(bytes_io, **kw)
4419.3s 2090 /usr/local/lib/python3.12/dist-packages/IPython/core/pylabtools.py:151: UserWarning: Glyph 2313 (\N{DEVANAGARI LETTER U}) missing from font(s) DejaVu Sans.
4419.3s 2091 fig.canvas.print_figure(bytes_io, **kw)
4419.3s 2092 /usr/local/lib/python3.12/dist-packages/IPython/core/pylabtools.py:151: UserWarning: Glyph 2346 (\N{DEVANAGARI LETTER PA}) missing from font(s) DejaVu Sans.
4419.3s 2093 fig.canvas.print_figure(bytes_io, **kw)
4419.3s 2094 /usr/local/lib/python3.12/dist-packages/IPython/core/pylabtools.py:151: UserWarning: Glyph 2334 (\N{DEVANAGARI LETTER NYA}) missing from font(s) DejaVu Sans.
4419.3s 2095 fig.canvas.print_figure(bytes_io, **kw)
4419.3s 2096 /usr/local/lib/python3.12/dist-packages/IPython/core/pylabtools.py:151: UserWarning: Glyph 2381 (\N{DEVANAGARI SIGN VIRAMA}) missing from font(s) DejaVu Sans.
4419.3s 2097 fig.canvas.print_figure(bytes_io, **kw)
4419.3s 2098 /usr/local/lib/python3.12/dist-packages/IPython/core/pylabtools.py:151: UserWarning: Glyph 2330 (\N{DEVANAGARI LETTER CA}) missing from font(s) DejaVu Sans.
4419.3s 2099 fig.canvas.print_figure(bytes_io, **kw)
4419.3s 2100 /usr/local/lib/python3.12/dist-packages/IPython/core/pylabtools.py:151: UserWarning: Glyph 2361 (\N{DEVANAGARI LETTER HA}) missing from font(s) DejaVu Sans.
4419.3s 2101 fig.canvas.print_figure(bytes_io, **kw)
4419.3s 2102 /usr/local/lib/python3.12/dist-packages/IPython/core/pylabtools.py:151: UserWarning: Glyph 2352 (\N{DEVANAGARI LETTER RA}) missing from font(s) DejaVu Sans.
4419.3s 2103 fig.canvas.print_figure(bytes_io, **kw)
4419.3s 2104 /usr/local/lib/python3.12/dist-packages/IPython/core/pylabtools.py:151: UserWarning: Glyph 2370 (\N{DEVANAGARI VOWEL SIGN UU}) missing from font(s) DejaVu Sans.
4419.3s 2105 fig.canvas.print_figure(bytes_io, **kw)
4419.3s 2106 /usr/local/lib/python3.12/dist-packages/IPython/core/pylabtools.py:151: UserWarning: Glyph 2354 (\N{DEVANAGARI LETTER LA}) missing from font(s) DejaVu Sans.
4419.3s 2107 fig.canvas.print_figure(bytes_io, **kw)
4419.3s 2108 /usr/local/lib/python3.12/dist-packages/IPython/core/pylabtools.py:151: UserWarning: Glyph 2360 (\N{DEVANAGARI LETTER SA}) missing from font(s) DejaVu Sans.
4419.3s 2109 fig.canvas.print_figure(bytes_io, **kw)
4419.3s 2110 /usr/local/lib/python3.12/dist-packages/IPython/core/pylabtools.py:151: UserWarning: Glyph 2325 (\N{DEVANAGARI LETTER KA}) missing from font(s) DejaVu Sans.
4419.3s 2111 fig.canvas.print_figure(bytes_io, **kw)
4419.3s 2112 /usr/local/lib/python3.12/dist-packages/IPython/core/pylabtools.py:151: UserWarning: Glyph 2376 (\N{DEVANAGARI VOWEL SIGN AI}) missing from font(s) DejaVu Sans.
4419.3s 2113 fig.canvas.print_figure(bytes_io, **kw)
4419.3s 2114 /usr/local/lib/python3.12/dist-packages/IPython/core/pylabtools.py:151: UserWarning: Glyph 2350 (\N{DEVANAGARI LETTER MA}) missing from font(s) DejaVu Sans.
4419.3s 2115 fig.canvas.print_figure(bytes_io, **kw)
4419.3s 2116 /usr/local/lib/python3.12/dist-packages/IPython/core/pylabtools.py:151: UserWarning: Glyph 2368 (\N{DEVANAGARI VOWEL SIGN II}) missing from font(s) DejaVu Sans.
4419.3s 2117 fig.canvas.print_figure(bytes_io, **kw)
4419.3s 2118 /usr/local/lib/python3.12/dist-packages/IPython/core/pylabtools.py:151: UserWarning: Glyph 2340 (\N{DEVANAGARI LETTER TA}) missing from font(s) DejaVu Sans.
4419.3s 2119 fig.canvas.print_figure(bytes_io, **kw)
4419.3s 2120 /usr/local/lib/python3.12/dist-packages/IPython/core/pylabtools.py:151: UserWarning: Glyph 2331 (\N{DEVANAGARI LETTER CHA}) missing from font(s) DejaVu Sans.
4419.3s 2121 fig.canvas.print_figure(bytes_io, **kw)
4419.3s 2122 /usr/local/lib/python3.12/dist-packages/IPython/core/pylabtools.py:151: UserWarning: Glyph 2380 (\N{DEVANAGARI VOWEL SIGN AU}) missing from font(s) DejaVu Sans.
4419.3s 2123 fig.canvas.print_figure(bytes_io, **kw)
4419.3s 2124 /usr/local/lib/python3.12/dist-packages/IPython/core/pylabtools.py:151: UserWarning: Glyph 2306 (\N{DEVANAGARI SIGN ANUSVARA}) missing from font(s) DejaVu Sans.
4419.3s 2125 fig.canvas.print_figure(bytes_io, **kw)
4419.3s 2126 /usr/local/lib/python3.12/dist-packages/IPython/core/pylabtools.py:151: UserWarning: Glyph 2349 (\N{DEVANAGARI LETTER BHA}) missing from font(s) DejaVu Sans.
4419.3s 2127 fig.canvas.print_figure(bytes_io, **kw)
4419.3s 2128 /usr/local/lib/python3.12/dist-packages/IPython/core/pylabtools.py:151: UserWarning: Glyph 2309 (\N{DEVANAGARI LETTER A}) missing from font(s) DejaVu Sans.
4419.3s 2129 fig.canvas.print_figure(bytes_io, **kw)
4419.3s 2130 /usr/local/lib/python3.12/dist-packages/IPython/core/pylabtools.py:151: UserWarning: Glyph 2369 (\N{DEVANAGARI VOWEL SIGN U}) missing from font(s) DejaVu Sans.
4419.3s 2131 fig.canvas.print_figure(bytes_io, **kw)
4419.3s 2132 /usr/local/lib/python3.12/dist-packages/IPython/core/pylabtools.py:151: UserWarning: Glyph 2367 (\N{DEVANAGARI VOWEL SIGN I}) missing from font(s) DejaVu Sans.
4419.3s 2133 fig.canvas.print_figure(bytes_io, **kw)
4419.3s 2134 /usr/local/lib/python3.12/dist-packages/IPython/core/pylabtools.py:151: UserWarning: Glyph 2341 (\N{DEVANAGARI LETTER THA}) missing from font(s) DejaVu Sans.
4419.3s 2135 fig.canvas.print_figure(bytes_io, **kw)
4419.3s 2136 /usr/local/lib/python3.12/dist-packages/IPython/core/pylabtools.py:151: UserWarning: Glyph 2351 (\N{DEVANAGARI LETTER YA}) missing from font(s) DejaVu Sans.
4419.3s 2137 fig.canvas.print_figure(bytes_io, **kw)
4419.3s 2138 /usr/local/lib/python3.12/dist-packages/IPython/core/pylabtools.py:151: UserWarning: Glyph 2379 (\N{DEVANAGARI VOWEL SIGN O}) missing from font(s) DejaVu Sans.
4419.3s 2139 fig.canvas.print_figure(bytes_io, **kw)
4419.3s 2140 /usr/local/lib/python3.12/dist-packages/IPython/core/pylabtools.py:151: UserWarning: Glyph 2357 (\N{DEVANAGARI LETTER VA}) missing from font(s) DejaVu Sans.
4419.3s 2141 fig.canvas.print_figure(bytes_io, **kw)
4419.3s 2142 /usr/local/lib/python3.12/dist-packages/IPython/core/pylabtools.py:151: UserWarning: Glyph 2332 (\N{DEVANAGARI LETTER JA}) missing from font(s) DejaVu Sans.
4419.3s 2143 fig.canvas.print_figure(bytes_io, **kw)
4419.3s 2144 /usr/local/lib/python3.12/dist-packages/IPython/core/pylabtools.py:151: UserWarning: Glyph 2339 (\N{DEVANAGARI LETTER NNA}) missing from font(s) DejaVu Sans.
4419.3s 2145 fig.canvas.print_figure(bytes_io, **kw)
4419.3s 2146 /usr/local/lib/python3.12/dist-packages/IPython/core/pylabtools.py:151: UserWarning: Glyph 2327 (\N{DEVANAGARI LETTER GA}) missing from font(s) DejaVu Sans.
4419.3s 2147 fig.canvas.print_figure(bytes_io, **kw)
4419.3s 2148 /usr/local/lib/python3.12/dist-packages/IPython/core/pylabtools.py:151: UserWarning: Glyph 2305 (\N{DEVANAGARI SIGN CANDRABINDU}) missing from font(s) DejaVu Sans.
4419.3s 2149 fig.canvas.print_figure(bytes_io, **kw)
4419.3s 2150 /usr/local/lib/python3.12/dist-packages/IPython/core/pylabtools.py:151: UserWarning: Glyph 2326 (\N{DEVANAGARI LETTER KHA}) missing from font(s) DejaVu Sans.
4419.3s 2151 fig.canvas.print_figure(bytes_io, **kw)
4419.3s 2152 /usr/local/lib/python3.12/dist-packages/IPython/core/pylabtools.py:151: UserWarning: Glyph 2335 (\N{DEVANAGARI LETTER TTA}) missing from font(s) DejaVu Sans.
4419.3s 2153 fig.canvas.print_figure(bytes_io, **kw)
4419.3s 2154 /usr/local/lib/python3.12/dist-packages/IPython/core/pylabtools.py:151: UserWarning: Glyph 2404 (\N{DEVANAGARI DANDA}) missing from font(s) DejaVu Sans.
4419.3s 2155 fig.canvas.print_figure(bytes_io, **kw)
4419.3s 2156 /usr/local/lib/python3.12/dist-packages/IPython/core/pylabtools.py:151: UserWarning: Glyph 2319 (\N{DEVANAGARI LETTER E}) missing from font(s) DejaVu Sans.
4419.3s 2157 fig.canvas.print_figure(bytes_io, **kw)
4425.0s 2158 /usr/local/lib/python3.12/dist-packages/mistune.py:435: SyntaxWarning: invalid escape sequence '\|'
4425.0s 2159 cells[i][c] = re.sub('\\\\\|', '|', cell)
4425.1s 2160 /usr/local/lib/python3.12/dist-packages/nbconvert/filters/filter_links.py:36: SyntaxWarning: invalid escape sequence '\_'
4425.1s 2161 text = re.sub(r'_', '\_', text) # Escape underscores in display text
4425.7s 2162 [NbConvertApp] Converting notebook __notebook__.ipynb to notebook
4426.1s 2163 [NbConvertApp] Writing 733354 bytes to __notebook__.ipynb
4428.3s 2164 [NbConvertApp] Converting notebook __notebook__.ipynb to html
4429.4s 2165 [NbConvertApp] Support files will be in __results___files/
4429.4s 2166 [NbConvertApp] Making directory __results___files
4429.4s 2167 [NbConvertApp] Making directory __results___files
4429.4s 2168 [NbConvertApp] Making directory __results___files
4429.4s 2169 [NbConvertApp] Making directory __results___files
4429.4s 2170 [NbConvertApp] Making directory __results___files
4429.4s 2171 [NbConvertApp] Making directory __results___files
4429.4s 2172 [NbConvertApp] Making directory __results___files
4429.4s 2173 [NbConvertApp] Making directory __results___files
4429.4s 2174 [NbConvertApp] Making directory __results___files
4429.4s 2175 [NbConvertApp] Making directory __results___files
4429.4s 2176 [NbConvertApp] Writing 682648 bytes to __results__.html